team,filename,threshold,pred_duration_s,parse_s,predict_s
Practice Team,0071a13b.qasm,16,2.595497,0.0737,0.0075
Practice Team,0071a13b.qasm,64,9.856475,0.0737,0.0004
Practice Team,0071a13b.qasm,512,401.453477,0.0737,0.0002
Practice Team,00c20ece.qasm,16,29.605105,0.1161,0.0005
Practice Team,00c20ece.qasm,64,49.566242,0.1161,0.0003
Practice Team,00c20ece.qasm,512,782.068610,0.1161,0.0002
Practice Team,03042ac9.qasm,16,2.595497,0.0729,0.0005
Practice Team,03042ac9.qasm,64,9.856475,0.0729,0.0002
Practice Team,03042ac9.qasm,512,401.453477,0.0729,0.0002
Practice Team,03934028.qasm,16,1931.736947,3.6823,0.0006
Practice Team,03934028.qasm,64,1878.450235,3.6823,0.0002
Practice Team,03934028.qasm,512,7217.080904,3.6823,0.0002
Practice Team,03ee478e.qasm,16,0.256739,0.0008,0.0004
Practice Team,03ee478e.qasm,64,0.489814,0.0008,0.0002
Practice Team,03ee478e.qasm,512,0.365119,0.0008,0.0002
Practice Team,04276362.qasm,16,0.188880,0.0003,0.0003
Practice Team,04276362.qasm,64,0.232005,0.0003,0.0002
Practice Team,04276362.qasm,512,0.224443,0.0003,0.0002
Practice Team,0491d461.qasm,16,0.590826,0.0211,0.0003
Practice Team,0491d461.qasm,64,0.984168,0.0211,0.0002
Practice Team,0491d461.qasm,512,3.170862,0.0211,0.0002
Practice Team,0525d9ee.qasm,16,0.590826,0.0212,0.0003
Practice Team,0525d9ee.qasm,64,0.984168,0.0212,0.0002
Practice Team,0525d9ee.qasm,512,3.170862,0.0212,0.0002
Practice Team,0534bf07.qasm,16,5046.567578,1.1114,0.0005
Practice Team,0534bf07.qasm,64,2873.373568,1.1114,0.0002
Practice Team,0534bf07.qasm,512,10823.559679,1.1114,0.0002
Practice Team,055dc894.qasm,16,7.219838,0.0170,0.0005
Practice Team,055dc894.qasm,64,14.897108,0.0170,0.0002
Practice Team,055dc894.qasm,512,335.918510,0.0170,0.0002
Practice Team,056c2b99.qasm,16,0.426512,0.0163,0.0004
Practice Team,056c2b99.qasm,64,0.559324,0.0163,0.0002
Practice Team,056c2b99.qasm,512,0.990470,0.0163,0.0002
Practice Team,058c7d32.qasm,16,1.040305,0.0104,0.0004
Practice Team,058c7d32.qasm,64,2.026423,0.0104,0.0002
Practice Team,058c7d32.qasm,512,19.407012,0.0104,0.0002
Practice Team,067475b0.qasm,16,2.073122,0.0459,0.0004
Practice Team,067475b0.qasm,64,5.017054,0.0459,0.0002
Practice Team,067475b0.qasm,512,163.308820,0.0459,0.0002
Practice Team,06857ab2.qasm,16,97.639881,0.3470,0.0005
Practice Team,06857ab2.qasm,64,169.153248,0.3470,0.0002
Practice Team,06857ab2.qasm,512,6021.484289,0.3470,0.0002
Practice Team,06a7dabf.qasm,16,2.410285,0.0584,0.0004
Practice Team,06a7dabf.qasm,64,6.691746,0.0584,0.0002
Practice Team,06a7dabf.qasm,512,217.821312,0.0584,0.0002
Practice Team,06e45cf2.qasm,16,0.567794,0.0195,0.0004
Practice Team,06e45cf2.qasm,64,0.945801,0.0195,0.0002
Practice Team,06e45cf2.qasm,512,2.873560,0.0195,0.0002
Practice Team,0732491c.qasm,16,1.565712,0.1168,0.0005
Practice Team,0732491c.qasm,64,1.886000,0.1168,0.0002
Practice Team,0732491c.qasm,512,4.988920,0.1168,0.0002
Practice Team,07fc5b22.qasm,16,0.590826,0.0212,0.0004
Practice Team,07fc5b22.qasm,64,0.984168,0.0212,0.0002
Practice Team,07fc5b22.qasm,512,3.170862,0.0212,0.0002
Practice Team,08239e90.qasm,16,14.172164,0.7787,0.0005
Practice Team,08239e90.qasm,64,13.361005,0.7787,0.0002
Practice Team,08239e90.qasm,512,757.054528,0.7787,0.0002
Practice Team,0885b672.qasm,16,2.410285,0.0577,0.0004
Practice Team,0885b672.qasm,64,6.691746,0.0577,0.0002
Practice Team,0885b672.qasm,512,217.821312,0.0577,0.0002
Practice Team,0a0f4c36.qasm,16,0.216108,0.0015,0.0003
Practice Team,0a0f4c36.qasm,64,0.289880,0.0015,0.0002
Practice Team,0a0f4c36.qasm,512,0.272366,0.0015,0.0002
Practice Team,0b0e43d6.qasm,16,2.518274,0.0659,0.0004
Practice Team,0b0e43d6.qasm,64,8.532721,0.0659,0.0002
Practice Team,0b0e43d6.qasm,512,347.537062,0.0659,0.0002
Practice Team,0b325fdd.qasm,16,140.575009,2.4200,0.0005
Practice Team,0b325fdd.qasm,64,58.914479,2.4200,0.0002
Practice Team,0b325fdd.qasm,512,603.802534,2.4200,0.0002
Practice Team,0bde3200.qasm,16,0.230545,0.0003,0.0004
Practice Team,0bde3200.qasm,64,0.336141,0.0003,0.0002
Practice Team,0bde3200.qasm,512,0.204942,0.0003,0.0002
Practice Team,0c0ce4a1.qasm,16,0.426512,0.0161,0.0003
Practice Team,0c0ce4a1.qasm,64,0.559324,0.0161,0.0002
Practice Team,0c0ce4a1.qasm,512,0.990470,0.0161,0.0002
Practice Team,0c676248.qasm,16,0.536881,0.0048,0.0003
Practice Team,0c676248.qasm,64,0.959393,0.0048,0.0002
Practice Team,0c676248.qasm,512,0.627267,0.0048,0.0002
Practice Team,0cc92082.qasm,16,0.384444,0.0216,0.0006
Practice Team,0cc92082.qasm,64,0.472219,0.0216,0.0008
Practice Team,0cc92082.qasm,512,0.788557,0.0216,0.0013
Practice Team,0cd81bd7.qasm,16,2.249797,0.0575,0.0006
Practice Team,0cd81bd7.qasm,64,6.246178,0.0575,0.0003
Practice Team,0cd81bd7.qasm,512,203.317745,0.0575,0.0002
Practice Team,0d08bd43.qasm,16,1054.060052,1.2366,0.0005
Practice Team,0d08bd43.qasm,64,606.101827,1.2366,0.0002
Practice Team,0d08bd43.qasm,512,4301.351950,1.2366,0.0002
Practice Team,0d094263.qasm,16,0.210497,0.0003,0.0004
Practice Team,0d094263.qasm,64,0.262400,0.0003,0.0003
Practice Team,0d094263.qasm,512,0.187223,0.0003,0.0002
Practice Team,0d6f51b4.qasm,16,0.194960,0.0003,0.0006
Practice Team,0d6f51b4.qasm,64,0.241102,0.0003,0.0004
Practice Team,0d6f51b4.qasm,512,0.237909,0.0003,0.0003
Practice Team,0e8ddfa3.qasm,16,1.585497,0.0354,0.0004
Practice Team,0e8ddfa3.qasm,64,3.836979,0.0354,0.0002
Practice Team,0e8ddfa3.qasm,512,49.206518,0.0354,0.0002
Practice Team,0ee54ab9.qasm,16,0.277264,0.0055,0.0004
Practice Team,0ee54ab9.qasm,64,0.285019,0.0055,0.0003
Practice Team,0ee54ab9.qasm,512,0.291230,0.0055,0.0003
Practice Team,0f6ae53c.qasm,16,0.381213,0.0028,0.0003
Practice Team,0f6ae53c.qasm,64,0.524714,0.0028,0.0002
Practice Team,0f6ae53c.qasm,512,0.432854,0.0028,0.0002
Practice Team,10761caa.qasm,16,1.701692,0.0345,0.0004
Practice Team,10761caa.qasm,64,4.118175,0.0345,0.0002
Practice Team,10761caa.qasm,512,58.822141,0.0345,0.0002
Practice Team,10ea3498.qasm,16,0.580798,0.0031,0.0003
Practice Team,10ea3498.qasm,64,0.687645,0.0031,0.0002
Practice Team,10ea3498.qasm,512,0.642066,0.0031,0.0002
Practice Team,1154e9d9.qasm,16,11062.657637,0.1876,0.0005
Practice Team,1154e9d9.qasm,64,8663.654452,0.1876,0.0003
Practice Team,1154e9d9.qasm,512,9857.904395,0.1876,0.0002
Practice Team,12157215.qasm,16,1128.552250,5.5431,0.0005
Practice Team,12157215.qasm,64,1361.242359,5.5431,0.0002
Practice Team,12157215.qasm,512,14400.000000,5.5431,0.0002
Practice Team,125f60d7.qasm,16,1475.222340,11.9057,0.0006
Practice Team,125f60d7.qasm,64,1139.585344,11.9057,0.0002
Practice Team,125f60d7.qasm,512,5494.376513,11.9057,0.0002
Practice Team,138d2c7b.qasm,16,2.410285,0.0555,0.0004
Practice Team,138d2c7b.qasm,64,6.691746,0.0555,0.0002
Practice Team,138d2c7b.qasm,512,217.821312,0.0555,0.0002
Practice Team,13b8e3f8.qasm,16,1.701692,0.0394,0.0004
Practice Team,13b8e3f8.qasm,64,4.118175,0.0394,0.0002
Practice Team,13b8e3f8.qasm,512,58.822141,0.0394,0.0002
Practice Team,13eb49aa.qasm,16,0.188786,0.0004,0.0003
Practice Team,13eb49aa.qasm,64,0.614408,0.0004,0.0002
Practice Team,13eb49aa.qasm,512,0.693744,0.0004,0.0002
Practice Team,14019fed.qasm,16,38.899220,0.0873,0.0005
Practice Team,14019fed.qasm,64,10.980049,0.0873,0.0002
Practice Team,14019fed.qasm,512,117.663532,0.0873,0.0002
Practice Team,149b1e7c.qasm,16,0.639297,0.0212,0.0004
Practice Team,149b1e7c.qasm,64,0.635818,0.0212,0.0002
Practice Team,149b1e7c.qasm,512,1.137432,0.0212,0.0002
Practice Team,15434610.qasm,16,2.410285,0.0568,0.0005
Practice Team,15434610.qasm,64,6.691746,0.0568,0.0003
Practice Team,15434610.qasm,512,217.821312,0.0568,0.0002
Practice Team,159b3481.qasm,16,0.567794,0.0208,0.0005
Practice Team,159b3481.qasm,64,0.945801,0.0208,0.0002
Practice Team,159b3481.qasm,512,2.873560,0.0208,0.0002
Practice Team,15c28669.qasm,16,0.323901,0.0148,0.0004
Practice Team,15c28669.qasm,64,0.406948,0.0148,0.0002
Practice Team,15c28669.qasm,512,0.497575,0.0148,0.0002
Practice Team,1619b169.qasm,16,0.194934,0.0021,0.0004
Practice Team,1619b169.qasm,64,0.239441,0.0021,0.0002
Practice Team,1619b169.qasm,512,0.224975,0.0021,0.0002
Practice Team,166e9d3a.qasm,16,0.192733,0.0020,0.0003
Practice Team,166e9d3a.qasm,64,0.224563,0.0020,0.0002
Practice Team,166e9d3a.qasm,512,0.226738,0.0020,0.0002
Practice Team,1688d759.qasm,16,2.451193,0.0749,0.0003
Practice Team,1688d759.qasm,64,11.778036,0.0749,0.0002
Practice Team,1688d759.qasm,512,479.718483,0.0749,0.0002
Practice Team,16ff70bb.qasm,16,2.557333,0.0823,0.0006
Practice Team,16ff70bb.qasm,64,10.602410,0.0823,0.0002
Practice Team,16ff70bb.qasm,512,431.835334,0.0823,0.0002
Practice Team,17253376.qasm,16,2.494314,0.0686,0.0005
Practice Team,17253376.qasm,64,9.472229,0.0686,0.0003
Practice Team,17253376.qasm,512,363.812853,0.0686,0.0003
Practice Team,173d4b8b.qasm,16,0.358023,0.0004,0.0004
Practice Team,173d4b8b.qasm,64,0.496964,0.0004,0.0002
Practice Team,173d4b8b.qasm,512,0.328836,0.0004,0.0002
Practice Team,175f2997.qasm,16,2.249797,0.0505,0.0004
Practice Team,175f2997.qasm,64,6.246178,0.0505,0.0002
Practice Team,175f2997.qasm,512,203.317745,0.0505,0.0002
Practice Team,17e5a14b.qasm,16,15.039546,1.2173,0.0005
Practice Team,17e5a14b.qasm,64,14.178742,1.2173,0.0003
Practice Team,17e5a14b.qasm,512,803.388714,1.2173,0.0002
Practice Team,195099c8.qasm,16,0.612502,0.0122,0.0005
Practice Team,195099c8.qasm,64,0.843067,0.0122,0.0002
Practice Team,195099c8.qasm,512,0.893107,0.0122,0.0002
Practice Team,19550378.qasm,16,0.484545,0.0009,0.0004
Practice Team,19550378.qasm,64,0.498548,0.0009,0.0003
Practice Team,19550378.qasm,512,0.541248,0.0009,0.0002
Practice Team,1959a985.qasm,16,7.219838,0.0169,0.0004
Practice Team,1959a985.qasm,64,14.897108,0.0169,0.0002
Practice Team,1959a985.qasm,512,335.918510,0.0169,0.0002
Practice Team,19d587f3.qasm,16,0.328317,0.0014,0.0003
Practice Team,19d587f3.qasm,64,0.482468,0.0014,0.0002
Practice Team,19d587f3.qasm,512,0.487534,0.0014,0.0002
Practice Team,1a554de5.qasm,16,0.289241,0.0049,0.0003
Practice Team,1a554de5.qasm,64,0.363401,0.0049,0.0002
Practice Team,1a554de5.qasm,512,0.411145,0.0049,0.0002
Practice Team,1aa22822.qasm,16,14.172164,0.3820,0.0008
Practice Team,1aa22822.qasm,64,13.361005,0.3820,0.0003
Practice Team,1aa22822.qasm,512,757.054528,0.3820,0.0002
Practice Team,1af5b336.qasm,16,1.241687,0.0265,0.0004
Practice Team,1af5b336.qasm,64,2.115617,0.0265,0.0002
Practice Team,1af5b336.qasm,512,21.137050,0.0265,0.0002
Practice Team,1b91945f.qasm,16,0.567794,0.0197,0.0003
Practice Team,1b91945f.qasm,64,0.945801,0.0197,0.0002
Practice Team,1b91945f.qasm,512,2.873560,0.0197,0.0002
Practice Team,1cb3c32c.qasm,16,2.579753,0.0587,0.0004
Practice Team,1cb3c32c.qasm,64,1.880827,0.0587,0.0002
Practice Team,1cb3c32c.qasm,512,43.014962,0.0587,0.0002
Practice Team,1d1dc1d8.qasm,16,2.579867,0.0758,0.0004
Practice Team,1d1dc1d8.qasm,64,10.196864,0.0758,0.0002
Practice Team,1d1dc1d8.qasm,512,415.317474,0.0758,0.0002
Practice Team,1d4b1889.qasm,16,0.368692,0.0146,0.0004
Practice Team,1d4b1889.qasm,64,0.483499,0.0146,0.0002
Practice Team,1d4b1889.qasm,512,0.729931,0.0146,0.0002
Practice Team,1db5f683.qasm,16,2.595497,0.0726,0.0004
Practice Team,1db5f683.qasm,64,9.856475,0.0726,0.0002
Practice Team,1db5f683.qasm,512,401.453477,0.0726,0.0002
Practice Team,1f1383d7.qasm,16,0.372064,0.0054,0.0004
Practice Team,1f1383d7.qasm,64,0.512120,0.0054,0.0002
Practice Team,1f1383d7.qasm,512,0.453901,0.0054,0.0002
Practice Team,1fd34b96.qasm,16,3.655855,0.1019,0.0006
Practice Team,1fd34b96.qasm,64,15.513509,0.1019,0.0002
Practice Team,1fd34b96.qasm,512,664.366204,0.1019,0.0002
Practice Team,20448412.qasm,16,72.088084,0.1135,0.0005
Practice Team,20448412.qasm,64,58.674029,0.1135,0.0002
Practice Team,20448412.qasm,512,606.741184,0.1135,0.0002
Practice Team,2059c310.qasm,16,0.429719,0.0011,0.0003
Practice Team,2059c310.qasm,64,1.528609,0.0011,0.0002
Practice Team,2059c310.qasm,512,1.802874,0.0011,0.0002
Practice Team,2078a631.qasm,16,2.375255,0.0865,0.0004
Practice Team,2078a631.qasm,64,12.738066,0.0865,0.0002
Practice Team,2078a631.qasm,512,518.820459,0.0865,0.0002
Practice Team,208334f1.qasm,16,0.436131,0.0055,0.0003
Practice Team,208334f1.qasm,64,0.600304,0.0055,0.0002
Practice Team,208334f1.qasm,512,0.562493,0.0055,0.0002
Practice Team,2190b5a7.qasm,16,0.181344,0.0003,0.0003
Practice Team,2190b5a7.qasm,64,0.205568,0.0003,0.0002
Practice Team,2190b5a7.qasm,512,0.204232,0.0003,0.0002
Practice Team,231bbda3.qasm,16,2.505340,0.0191,0.0005
Practice Team,231bbda3.qasm,64,1.529324,0.0191,0.0002
Practice Team,231bbda3.qasm,512,9.566727,0.0191,0.0002
Practice Team,235dda60.qasm,16,2.375255,0.0930,0.0006
Practice Team,235dda60.qasm,64,12.738066,0.0930,0.0003
Practice Team,235dda60.qasm,512,518.820459,0.0930,0.0002
Practice Team,24ca3082.qasm,16,954.545522,5.5947,0.0006
Practice Team,24ca3082.qasm,64,877.100359,5.5947,0.0002
Practice Team,24ca3082.qasm,512,2443.040762,5.5947,0.0002
Practice Team,25e26219.qasm,16,4.580123,0.0044,0.0004
Practice Team,25e26219.qasm,64,9.125611,0.0044,0.0002
Practice Team,25e26219.qasm,512,95.539507,0.0044,0.0002
Practice Team,25e5b703.qasm,16,0.311406,0.0015,0.0003
Practice Team,25e5b703.qasm,64,0.382506,0.0015,0.0002
Practice Team,25e5b703.qasm,512,0.443752,0.0015,0.0002
Practice Team,264ca70e.qasm,16,2.518274,0.0644,0.0004
Practice Team,264ca70e.qasm,64,8.532721,0.0644,0.0002
Practice Team,264ca70e.qasm,512,347.537062,0.0644,0.0002
Practice Team,27a012bc.qasm,16,0.426512,0.0160,0.0003
Practice Team,27a012bc.qasm,64,0.559324,0.0160,0.0002
Practice Team,27a012bc.qasm,512,0.990470,0.0160,0.0002
Practice Team,27dbf314.qasm,16,1769.535479,9.7886,0.0005
Practice Team,27dbf314.qasm,64,1460.757724,9.7886,0.0002
Practice Team,27dbf314.qasm,512,14400.000000,9.7886,0.0002
Practice Team,27e0ec8e.qasm,16,0.240041,0.0011,0.0004
Practice Team,27e0ec8e.qasm,64,0.330399,0.0011,0.0002
Practice Team,27e0ec8e.qasm,512,0.310438,0.0011,0.0002
Practice Team,2818a462.qasm,16,0.275486,0.0009,0.0003
Practice Team,2818a462.qasm,64,0.292516,0.0009,0.0002
Practice Team,2818a462.qasm,512,0.308442,0.0009,0.0002
Practice Team,28f914b0.qasm,16,0.247422,0.0012,0.0003
Practice Team,28f914b0.qasm,64,0.250375,0.0012,0.0002
Practice Team,28f914b0.qasm,512,0.230633,0.0012,0.0002
Practice Team,29886bb3.qasm,16,1.241687,0.0262,0.0004
Practice Team,29886bb3.qasm,64,2.115617,0.0262,0.0002
Practice Team,29886bb3.qasm,512,21.137050,0.0262,0.0002
Practice Team,29a887f9.qasm,16,1.216265,0.0056,0.0003
Practice Team,29a887f9.qasm,64,3.104657,0.0056,0.0002
Practice Team,29a887f9.qasm,512,52.653801,0.0056,0.0002
Practice Team,2a04dd73.qasm,16,2108.956951,8.5860,0.0006
Practice Team,2a04dd73.qasm,64,2375.234640,8.5860,0.0002
Practice Team,2a04dd73.qasm,512,14400.000000,8.5860,0.0002
Practice Team,2a0e53ef.qasm,16,3.481083,0.0059,0.0004
Practice Team,2a0e53ef.qasm,64,6.420600,0.0059,0.0002
Practice Team,2a0e53ef.qasm,512,52.308905,0.0059,0.0002
Practice Team,2a48defb.qasm,16,0.583121,0.0011,0.0004
Practice Team,2a48defb.qasm,64,0.945289,0.0011,0.0002
Practice Team,2a48defb.qasm,512,1.105063,0.0011,0.0002
Practice Team,2af6859b.qasm,16,2.518274,0.0684,0.0006
Practice Team,2af6859b.qasm,64,8.532721,0.0684,0.0003
Practice Team,2af6859b.qasm,512,347.537062,0.0684,0.0002
Practice Team,2afe3d2e.qasm,16,14400.000000,1.2502,0.0005
Practice Team,2afe3d2e.qasm,64,14400.000000,1.2502,0.0002
Practice Team,2afe3d2e.qasm,512,14400.000000,1.2502,0.0002
Practice Team,2b148d98.qasm,16,2.494314,0.0661,0.0005
Practice Team,2b148d98.qasm,64,9.472229,0.0661,0.0002
Practice Team,2b148d98.qasm,512,363.812853,0.0661,0.0002
Practice Team,2b2951ed.qasm,16,2.595497,0.0709,0.0005
Practice Team,2b2951ed.qasm,64,9.856475,0.0709,0.0002
Practice Team,2b2951ed.qasm,512,401.453477,0.0709,0.0002
Practice Team,2bc3295c.qasm,16,1.956599,0.0036,0.0004
Practice Team,2bc3295c.qasm,64,5.026987,0.0036,0.0002
Practice Team,2bc3295c.qasm,512,45.288909,0.0036,0.0002
Practice Team,2cbfff1b.qasm,16,2.410285,0.0550,0.0004
Practice Team,2cbfff1b.qasm,64,6.691746,0.0550,0.0002
Practice Team,2cbfff1b.qasm,512,217.821312,0.0550,0.0002
Practice Team,2cedce95.qasm,16,2.579867,0.0728,0.0004
Practice Team,2cedce95.qasm,64,10.196864,0.0728,0.0002
Practice Team,2cedce95.qasm,512,415.317474,0.0728,0.0002
Practice Team,2d399444.qasm,16,0.185123,0.0002,0.0003
Practice Team,2d399444.qasm,64,0.208972,0.0002,0.0002
Practice Team,2d399444.qasm,512,0.206205,0.0002,0.0002
Practice Team,2ea1bf91.qasm,16,0.639297,0.0212,0.0003
Practice Team,2ea1bf91.qasm,64,0.635818,0.0212,0.0002
Practice Team,2ea1bf91.qasm,512,1.137432,0.0212,0.0002
Practice Team,3026aed7.qasm,16,3.655855,0.1039,0.0004
Practice Team,3026aed7.qasm,64,15.513509,0.1039,0.0002
Practice Team,3026aed7.qasm,512,664.366204,0.1039,0.0002
Practice Team,306ac152.qasm,16,0.479530,0.0057,0.0003
Practice Team,306ac152.qasm,64,0.704679,0.0057,0.0002
Practice Team,306ac152.qasm,512,0.871701,0.0057,0.0002
Practice Team,3099a023.qasm,16,0.406823,0.0012,0.0003
Practice Team,3099a023.qasm,64,0.499709,0.0012,0.0002
Practice Team,3099a023.qasm,512,0.545714,0.0012,0.0002
Practice Team,31b8fb3c.qasm,16,1.227663,0.0217,0.0007
Practice Team,31b8fb3c.qasm,64,1.067138,0.0217,0.0003
Practice Team,31b8fb3c.qasm,512,5.085927,0.0217,0.0002
Practice Team,31fd025e.qasm,16,2.410285,0.0603,0.0005
Practice Team,31fd025e.qasm,64,6.691746,0.0603,0.0002
Practice Team,31fd025e.qasm,512,217.821312,0.0603,0.0002
Practice Team,320de9fb.qasm,16,99.460194,0.2981,0.0006
Practice Team,320de9fb.qasm,64,107.702126,0.2981,0.0002
Practice Team,320de9fb.qasm,512,2824.847815,0.2981,0.0002
Practice Team,32de9cc1.qasm,16,1.241687,0.0260,0.0005
Practice Team,32de9cc1.qasm,64,2.115617,0.0260,0.0002
Practice Team,32de9cc1.qasm,512,21.137050,0.0260,0.0002
Practice Team,32f44532.qasm,16,2.579753,0.0608,0.0004
Practice Team,32f44532.qasm,64,2.060520,0.0608,0.0002
Practice Team,32f44532.qasm,512,47.124578,0.0608,0.0002
Practice Team,336f664c.qasm,16,0.388455,0.0033,0.0003
Practice Team,336f664c.qasm,64,0.563380,0.0033,0.0002
Practice Team,336f664c.qasm,512,0.664463,0.0033,0.0002
Practice Team,33a2f9be.qasm,16,1.701692,0.0380,0.0005
Practice Team,33a2f9be.qasm,64,4.118175,0.0380,0.0002
Practice Team,33a2f9be.qasm,512,58.822141,0.0380,0.0002
Practice Team,33c62fb8.qasm,16,48.279692,0.4607,0.0005
Practice Team,33c62fb8.qasm,64,17.563920,0.4607,0.0002
Practice Team,33c62fb8.qasm,512,64.453072,0.4607,0.0002
Practice Team,3436484d.qasm,16,2.073122,0.0481,0.0005
Practice Team,3436484d.qasm,64,5.017054,0.0481,0.0002
Practice Team,3436484d.qasm,512,163.308820,0.0481,0.0002
Practice Team,36d0ea8f.qasm,16,0.240041,0.0011,0.0004
Practice Team,36d0ea8f.qasm,64,0.330399,0.0011,0.0003
Practice Team,36d0ea8f.qasm,512,0.310438,0.0011,0.0002
Practice Team,36e23777.qasm,16,2.249797,0.0561,0.0008
Practice Team,36e23777.qasm,64,6.246178,0.0561,0.0008
Practice Team,36e23777.qasm,512,203.317745,0.0561,0.0004
Practice Team,371eea68.qasm,16,0.179636,0.0009,0.0004
Practice Team,371eea68.qasm,64,0.247256,0.0009,0.0002
Practice Team,371eea68.qasm,512,0.272900,0.0009,0.0002
Practice Team,376d7d92.qasm,16,0.432901,0.0019,0.0003
Practice Team,376d7d92.qasm,64,0.595858,0.0019,0.0002
Practice Team,376d7d92.qasm,512,0.612134,0.0019,0.0002
Practice Team,37bd268c.qasm,16,0.431565,0.0373,0.0005
Practice Team,37bd268c.qasm,64,1.045045,0.0373,0.0002
Practice Team,37bd268c.qasm,512,0.633619,0.0373,0.0002
Practice Team,3814b0b9.qasm,16,147.673728,0.4334,0.0005
Practice Team,3814b0b9.qasm,64,207.389160,0.4334,0.0002
Practice Team,3814b0b9.qasm,512,4891.775601,0.4334,0.0002
Practice Team,383bbcad.qasm,16,0.194052,0.0005,0.0004
Practice Team,383bbcad.qasm,64,0.261130,0.0005,0.0002
Practice Team,383bbcad.qasm,512,0.252619,0.0005,0.0002
Practice Team,3841ff5b.qasm,16,2.375255,0.0788,0.0005
Practice Team,3841ff5b.qasm,64,12.738066,0.0788,0.0003
Practice Team,3841ff5b.qasm,512,518.820459,0.0788,0.0002
Practice Team,385fa1b6.qasm,16,2.565389,0.0039,0.0004
Practice Team,385fa1b6.qasm,64,4.336164,0.0039,0.0002
Practice Team,385fa1b6.qasm,512,19.819430,0.0039,0.0002
Practice Team,386534f5.qasm,16,2.518274,0.0678,0.0005
Practice Team,386534f5.qasm,64,8.532721,0.0678,0.0002
Practice Team,386534f5.qasm,512,347.537062,0.0678,0.0002
Practice Team,3a8d3e53.qasm,16,0.433588,0.0173,0.0005
Practice Team,3a8d3e53.qasm,64,0.368499,0.0173,0.0002
Practice Team,3a8d3e53.qasm,512,0.484182,0.0173,0.0002
Practice Team,3be98d6c.qasm,16,5.491509,0.0026,0.0004
Practice Team,3be98d6c.qasm,64,13.143272,0.0026,0.0002
Practice Team,3be98d6c.qasm,512,116.894804,0.0026,0.0002
Practice Team,3c1f4948.qasm,16,0.165421,0.0004,0.0003
Practice Team,3c1f4948.qasm,64,0.219545,0.0004,0.0002
Practice Team,3c1f4948.qasm,512,0.168302,0.0004,0.0002
Practice Team,3c2f55c1.qasm,16,8990.360036,0.1588,0.0005
Practice Team,3c2f55c1.qasm,64,6855.991502,0.1588,0.0002
Practice Team,3c2f55c1.qasm,512,12121.568073,0.1588,0.0002
Practice Team,3c890561.qasm,16,3.637306,0.0170,0.0005
Practice Team,3c890561.qasm,64,2.201484,0.0170,0.0002
Practice Team,3c890561.qasm,512,19.383280,0.0170,0.0002
Practice Team,3ccd19ee.qasm,16,2.579867,0.0811,0.0006
Practice Team,3ccd19ee.qasm,64,10.196864,0.0811,0.0002
Practice Team,3ccd19ee.qasm,512,415.317474,0.0811,0.0002
Practice Team,3db115f1.qasm,16,0.289703,0.0007,0.0004
Practice Team,3db115f1.qasm,64,0.307613,0.0007,0.0002
Practice Team,3db115f1.qasm,512,0.324360,0.0007,0.0002
Practice Team,3e2fde05.qasm,16,2.410285,0.0658,0.0005
Practice Team,3e2fde05.qasm,64,6.691746,0.0658,0.0002
Practice Team,3e2fde05.qasm,512,217.821312,0.0658,0.0002
Practice Team,3e730381.qasm,16,0.322300,0.0005,0.0004
Practice Team,3e730381.qasm,64,0.575941,0.0005,0.0002
Practice Team,3e730381.qasm,512,0.399190,0.0005,0.0002
Practice Team,3eb6cff0.qasm,16,10.897943,0.4306,0.0006
Practice Team,3eb6cff0.qasm,64,12.093081,0.4306,0.0002
Practice Team,3eb6cff0.qasm,512,11.337630,0.4306,0.0002
Practice Team,3eca4614.qasm,16,2.518274,0.0673,0.0005
Practice Team,3eca4614.qasm,64,8.532721,0.0673,0.0002
Practice Team,3eca4614.qasm,512,347.537062,0.0673,0.0002
Practice Team,3ee85ccf.qasm,16,1.332089,0.0308,0.0005
Practice Team,3ee85ccf.qasm,64,2.634971,0.0308,0.0002
Practice Team,3ee85ccf.qasm,512,30.483077,0.0308,0.0002
Practice Team,3f072f57.qasm,16,1.701692,0.0403,0.0005
Practice Team,3f072f57.qasm,64,4.118175,0.0403,0.0002
Practice Team,3f072f57.qasm,512,58.822141,0.0403,0.0002
Practice Team,3f858470.qasm,16,0.738291,0.0578,0.0005
Practice Team,3f858470.qasm,64,0.969810,0.0578,0.0002
Practice Team,3f858470.qasm,512,1.468992,0.0578,0.0002
Practice Team,40b719e2.qasm,16,250.296924,0.9524,0.0005
Practice Team,40b719e2.qasm,64,433.619310,0.9524,0.0002
Practice Team,40b719e2.qasm,512,7656.841027,0.9524,0.0002
Practice Team,40e78b26.qasm,16,0.164786,0.0005,0.0004
Practice Team,40e78b26.qasm,64,0.207036,0.0005,0.0002
Practice Team,40e78b26.qasm,512,0.228509,0.0005,0.0002
Practice Team,41bd27aa.qasm,16,2.423437,0.0025,0.0003
Practice Team,41bd27aa.qasm,64,4.469851,0.0025,0.0002
Practice Team,41bd27aa.qasm,512,30.242689,0.0025,0.0002
Practice Team,42a256ea.qasm,16,2.518274,0.0648,0.0005
Practice Team,42a256ea.qasm,64,8.532721,0.0648,0.0003
Practice Team,42a256ea.qasm,512,347.537062,0.0648,0.0002
Practice Team,42a71e24.qasm,16,18.479252,0.0149,0.0005
Practice Team,42a71e24.qasm,64,27.118809,0.0149,0.0002
Practice Team,42a71e24.qasm,512,818.212626,0.0149,0.0002
Practice Team,42fa6cae.qasm,16,2.451193,0.0769,0.0005
Practice Team,42fa6cae.qasm,64,11.778036,0.0769,0.0002
Practice Team,42fa6cae.qasm,512,479.718483,0.0769,0.0002
Practice Team,43168c33.qasm,16,0.172522,0.0003,0.0004
Practice Team,43168c33.qasm,64,0.211911,0.0003,0.0002
Practice Team,43168c33.qasm,512,0.230061,0.0003,0.0002
Practice Team,4318a3ef.qasm,16,2.410285,0.0563,0.0006
Practice Team,4318a3ef.qasm,64,6.691746,0.0563,0.0003
Practice Team,4318a3ef.qasm,512,217.821312,0.0563,0.0002
Practice Team,4327c91d.qasm,16,2.494314,0.0657,0.0005
Practice Team,4327c91d.qasm,64,9.472229,0.0657,0.0002
Practice Team,4327c91d.qasm,512,363.812853,0.0657,0.0002
Practice Team,432efc30.qasm,16,0.256431,0.0004,0.0004
Practice Team,432efc30.qasm,64,0.214034,0.0004,0.0002
Practice Team,432efc30.qasm,512,0.232365,0.0004,0.0002
Practice Team,445caba2.qasm,16,0.198040,0.0004,0.0003
Practice Team,445caba2.qasm,64,0.206311,0.0004,0.0002
Practice Team,445caba2.qasm,512,0.204970,0.0004,0.0002
Practice Team,448ebca1.qasm,16,0.158508,0.0005,0.0003
Practice Team,448ebca1.qasm,64,0.197176,0.0005,0.0002
Practice Team,448ebca1.qasm,512,0.210566,0.0005,0.0002
Practice Team,46073cb3.qasm,16,62.324248,0.8844,0.0005
Practice Team,46073cb3.qasm,64,73.213513,0.8844,0.0002
Practice Team,46073cb3.qasm,512,392.990486,0.8844,0.0002
Practice Team,46188cf9.qasm,16,2.579867,0.0734,0.0005
Practice Team,46188cf9.qasm,64,10.196864,0.0734,0.0002
Practice Team,46188cf9.qasm,512,415.317474,0.0734,0.0002
Practice Team,46de7f9b.qasm,16,2.381051,0.0533,0.0005
Practice Team,46de7f9b.qasm,64,1.735960,0.0533,0.0002
Practice Team,46de7f9b.qasm,512,42.101541,0.0533,0.0002
Practice Team,4737100f.qasm,16,76.150997,0.0667,0.0006
Practice Team,4737100f.qasm,64,129.041588,0.0667,0.0003
Practice Team,4737100f.qasm,512,6895.552255,0.0667,0.0002
Practice Team,474aa01a.qasm,16,2.595497,0.0702,0.0005
Practice Team,474aa01a.qasm,64,9.856475,0.0702,0.0002
Practice Team,474aa01a.qasm,512,401.453477,0.0702,0.0002
Practice Team,4846208f.qasm,16,0.571483,0.0006,0.0004
Practice Team,4846208f.qasm,64,0.379931,0.0006,0.0002
Practice Team,4846208f.qasm,512,0.428990,0.0006,0.0002
Practice Team,4a262567.qasm,16,2.518274,0.0654,0.0005
Practice Team,4a262567.qasm,64,8.532721,0.0654,0.0002
Practice Team,4a262567.qasm,512,347.537062,0.0654,0.0002
Practice Team,4a5eba47.qasm,16,0.509555,0.0038,0.0004
Practice Team,4a5eba47.qasm,64,0.701366,0.0038,0.0002
Practice Team,4a5eba47.qasm,512,0.867604,0.0038,0.0002
Practice Team,4ae57e38.qasm,16,3.427312,0.0094,0.0004
Practice Team,4ae57e38.qasm,64,6.960876,0.0094,0.0002
Practice Team,4ae57e38.qasm,512,61.288024,0.0094,0.0002
Practice Team,4cbdcf4f.qasm,16,1.701692,0.0345,0.0003
Practice Team,4cbdcf4f.qasm,64,4.118175,0.0345,0.0002
Practice Team,4cbdcf4f.qasm,512,58.822141,0.0345,0.0002
Practice Team,4d59437e.qasm,16,13618.220347,3.3435,0.0005
Practice Team,4d59437e.qasm,64,14400.000000,3.3435,0.0002
Practice Team,4d59437e.qasm,512,14400.000000,3.3435,0.0002
Practice Team,4d78cdd5.qasm,16,0.162245,0.0002,0.0004
Practice Team,4d78cdd5.qasm,64,0.199289,0.0002,0.0002
Practice Team,4d78cdd5.qasm,512,0.216358,0.0002,0.0002
Practice Team,4dc2ff13.qasm,16,0.197477,0.0004,0.0003
Practice Team,4dc2ff13.qasm,64,0.334730,0.0004,0.0002
Practice Team,4dc2ff13.qasm,512,0.238875,0.0004,0.0002
Practice Team,4e8df7a8.qasm,16,14102.610320,12.5517,0.0005
Practice Team,4e8df7a8.qasm,64,14400.000000,12.5517,0.0002
Practice Team,4e8df7a8.qasm,512,14400.000000,12.5517,0.0002
Practice Team,4f476879.qasm,16,1.701692,0.0412,0.0005
Practice Team,4f476879.qasm,64,4.118175,0.0412,0.0003
Practice Team,4f476879.qasm,512,58.822141,0.0412,0.0002
Practice Team,4f48ab57.qasm,16,0.573314,0.0011,0.0004
Practice Team,4f48ab57.qasm,64,0.690941,0.0011,0.0002
Practice Team,4f48ab57.qasm,512,0.814910,0.0011,0.0002
Practice Team,4f9a3ab1.qasm,16,0.212915,0.0006,0.0007
Practice Team,4f9a3ab1.qasm,64,0.293063,0.0006,0.0007
Practice Team,4f9a3ab1.qasm,512,0.275357,0.0006,0.0005
Practice Team,4fd60583.qasm,16,15.039546,1.2251,0.0005
Practice Team,4fd60583.qasm,64,14.178742,1.2251,0.0003
Practice Team,4fd60583.qasm,512,803.388714,1.2251,0.0002
Practice Team,4ffb1090.qasm,16,1.314430,0.0741,0.0005
Practice Team,4ffb1090.qasm,64,1.583314,0.0741,0.0003
Practice Team,4ffb1090.qasm,512,1.403317,0.0741,0.0002
Practice Team,5050d142.qasm,16,0.244511,0.0007,0.0004
Practice Team,5050d142.qasm,64,1.028879,0.0007,0.0002
Practice Team,5050d142.qasm,512,1.213482,0.0007,0.0002
Practice Team,51b16166.qasm,16,1.701692,0.0339,0.0003
Practice Team,51b16166.qasm,64,4.118175,0.0339,0.0002
Practice Team,51b16166.qasm,512,58.822141,0.0339,0.0002
Practice Team,51b543de.qasm,16,3.655855,0.1129,0.0005
Practice Team,51b543de.qasm,64,15.513509,0.1129,0.0002
Practice Team,51b543de.qasm,512,664.366204,0.1129,0.0002
Practice Team,52b00428.qasm,16,2.375255,0.0791,0.0004
Practice Team,52b00428.qasm,64,12.738066,0.0791,0.0002
Practice Team,52b00428.qasm,512,518.820459,0.0791,0.0002
Practice Team,53442dc5.qasm,16,0.198040,0.0004,0.0004
Practice Team,53442dc5.qasm,64,0.206311,0.0004,0.0002
Practice Team,53442dc5.qasm,512,0.204970,0.0004,0.0002
Practice Team,5357322a.qasm,16,0.553818,0.0153,0.0004
Practice Team,5357322a.qasm,64,0.502770,0.0153,0.0002
Practice Team,5357322a.qasm,512,0.972016,0.0153,0.0002
Practice Team,5385a9e9.qasm,16,2.518274,0.0676,0.0005
Practice Team,5385a9e9.qasm,64,8.532721,0.0676,0.0003
Practice Team,5385a9e9.qasm,512,347.537062,0.0676,0.0002
Practice Team,53e971c2.qasm,16,0.201582,0.0008,0.0004
Practice Team,53e971c2.qasm,64,0.247607,0.0008,0.0002
Practice Team,53e971c2.qasm,512,0.200916,0.0008,0.0002
Practice Team,54c8f710.qasm,16,0.413671,0.0003,0.0003
Practice Team,54c8f710.qasm,64,0.503741,0.0003,0.0002
Practice Team,54c8f710.qasm,512,0.351397,0.0003,0.0002
Practice Team,54f0b8c5.qasm,16,0.250497,0.0044,0.0003
Practice Team,54f0b8c5.qasm,64,0.270771,0.0044,0.0002
Practice Team,54f0b8c5.qasm,512,0.276672,0.0044,0.0002
Practice Team,551cc6ea.qasm,16,1.285790,0.0140,0.0006
Practice Team,551cc6ea.qasm,64,3.282126,0.0140,0.0004
Practice Team,551cc6ea.qasm,512,126.903655,0.0140,0.0002
Practice Team,568c1ef9.qasm,16,0.205602,0.0013,0.0005
Practice Team,568c1ef9.qasm,64,0.282997,0.0013,0.0003
Practice Team,568c1ef9.qasm,512,0.265899,0.0013,0.0003
Practice Team,574915eb.qasm,16,6.952800,0.0044,0.0006
Practice Team,574915eb.qasm,64,12.823927,0.0044,0.0003
Practice Team,574915eb.qasm,512,86.765755,0.0044,0.0002
Practice Team,577f5adb.qasm,16,0.643203,0.0021,0.0005
Practice Team,577f5adb.qasm,64,2.078569,0.0021,0.0002
Practice Team,577f5adb.qasm,512,2.451510,0.0021,0.0002
Practice Team,587be285.qasm,16,2.249797,0.0564,0.0005
Practice Team,587be285.qasm,64,6.246178,0.0564,0.0002
Practice Team,587be285.qasm,512,203.317745,0.0564,0.0005
Practice Team,588e0101.qasm,16,0.455986,0.0012,0.0005
Practice Team,588e0101.qasm,64,0.516139,0.0012,0.0002
Practice Team,588e0101.qasm,512,1.075482,0.0012,0.0003
Practice Team,591d39f6.qasm,16,3.655855,0.1017,0.0006
Practice Team,591d39f6.qasm,64,15.513509,0.1017,0.0003
Practice Team,591d39f6.qasm,512,664.366204,0.1017,0.0002
Practice Team,59267ce4.qasm,16,0.245996,0.0006,0.0004
Practice Team,59267ce4.qasm,64,0.255366,0.0006,0.0003
Practice Team,59267ce4.qasm,512,0.257787,0.0006,0.0002
Practice Team,5a4964e2.qasm,16,3.655855,0.1137,0.0005
Practice Team,5a4964e2.qasm,64,15.513509,0.1137,0.0003
Practice Team,5a4964e2.qasm,512,664.366204,0.1137,0.0003
Practice Team,5a741dbe.qasm,16,147.391721,0.0038,0.0004
Practice Team,5a741dbe.qasm,64,106.083488,0.0038,0.0002
Practice Team,5a741dbe.qasm,512,116.304367,0.0038,0.0002
Practice Team,5a9f20b0.qasm,16,2.451193,0.1090,0.0008
Practice Team,5a9f20b0.qasm,64,11.778036,0.1090,0.0005
Practice Team,5a9f20b0.qasm,512,479.718483,0.1090,0.0005
Practice Team,5b419375.qasm,16,9.302969,0.0167,0.0010
Practice Team,5b419375.qasm,64,17.270448,0.0167,0.0005
Practice Team,5b419375.qasm,512,140.703078,0.0167,0.0004
Practice Team,5b482142.qasm,16,0.212526,0.0002,0.0004
Practice Team,5b482142.qasm,64,0.290431,0.0002,0.0002
Practice Team,5b482142.qasm,512,0.202597,0.0002,0.0002
Practice Team,5b58ce32.qasm,16,0.259196,0.0006,0.0003
Practice Team,5b58ce32.qasm,64,0.339907,0.0006,0.0002
Practice Team,5b58ce32.qasm,512,0.343476,0.0006,0.0002
Practice Team,5c176f37.qasm,16,2.198156,0.0110,0.0007
Practice Team,5c176f37.qasm,64,5.611045,0.0110,0.0004
Practice Team,5c176f37.qasm,512,58.744173,0.0110,0.0003
Practice Team,5c2359c8.qasm,16,4.147908,0.0220,0.0005
Practice Team,5c2359c8.qasm,64,1.972173,0.0220,0.0002
Practice Team,5c2359c8.qasm,512,6.091140,0.0220,0.0002
Practice Team,5cfcb9cd.qasm,16,15.452448,0.0386,0.0005
Practice Team,5cfcb9cd.qasm,64,25.871205,0.0386,0.0002
Practice Team,5cfcb9cd.qasm,512,147.490762,0.0386,0.0002
Practice Team,5d14d092.qasm,16,2.398575,0.0678,0.0005
Practice Team,5d14d092.qasm,64,9.108659,0.0678,0.0002
Practice Team,5d14d092.qasm,512,370.994972,0.0678,0.0002
Practice Team,5d2b11a2.qasm,16,2.595497,0.0705,0.0005
Practice Team,5d2b11a2.qasm,64,9.856475,0.0705,0.0003
Practice Team,5d2b11a2.qasm,512,401.453477,0.0705,0.0002
Practice Team,5d565485.qasm,16,2.595497,0.0706,0.0005
Practice Team,5d565485.qasm,64,9.856475,0.0706,0.0002
Practice Team,5d565485.qasm,512,401.453477,0.0706,0.0002
Practice Team,5da1db4b.qasm,16,2.518274,0.0669,0.0005
Practice Team,5da1db4b.qasm,64,8.532721,0.0669,0.0002
Practice Team,5da1db4b.qasm,512,347.537062,0.0669,0.0002
Practice Team,5e3dc35d.qasm,16,0.182132,0.0003,0.0006
Practice Team,5e3dc35d.qasm,64,0.223717,0.0003,0.0002
Practice Team,5e3dc35d.qasm,512,0.206760,0.0003,0.0002
Practice Team,5e4c8439.qasm,16,1.332089,0.0313,0.0005
Practice Team,5e4c8439.qasm,64,2.634971,0.0313,0.0003
Practice Team,5e4c8439.qasm,512,30.483077,0.0313,0.0003
Practice Team,5e6b0a76.qasm,16,0.928296,0.0007,0.0004
Practice Team,5e6b0a76.qasm,64,1.016759,0.0007,0.0003
Practice Team,5e6b0a76.qasm,512,1.129258,0.0007,0.0003
Practice Team,5eaee29f.qasm,16,0.583691,0.0014,0.0003
Practice Team,5eaee29f.qasm,64,0.415060,0.0014,0.0002
Practice Team,5eaee29f.qasm,512,0.541439,0.0014,0.0002
Practice Team,5ed4dd47.qasm,16,0.158844,0.0002,0.0003
Practice Team,5ed4dd47.qasm,64,0.204943,0.0002,0.0002
Practice Team,5ed4dd47.qasm,512,0.168750,0.0002,0.0002
Practice Team,5ee9c404.qasm,16,0.484080,0.0012,0.0003
Practice Team,5ee9c404.qasm,64,0.339163,0.0012,0.0002
Practice Team,5ee9c404.qasm,512,0.382958,0.0012,0.0002
Practice Team,5ef5ff7c.qasm,16,2.451193,0.0837,0.0006
Practice Team,5ef5ff7c.qasm,64,11.778036,0.0837,0.0002
Practice Team,5ef5ff7c.qasm,512,479.718483,0.0837,0.0002
Practice Team,5f0ad979.qasm,16,2.410285,0.0581,0.0005
Practice Team,5f0ad979.qasm,64,6.691746,0.0581,0.0002
Practice Team,5f0ad979.qasm,512,217.821312,0.0581,0.0002
Practice Team,5f39af5c.qasm,16,0.868957,0.0012,0.0003
Practice Team,5f39af5c.qasm,64,0.771232,0.0012,0.0002
Practice Team,5f39af5c.qasm,512,0.747626,0.0012,0.0002
Practice Team,5f6a8a9b.qasm,16,0.171757,0.0012,0.0003
Practice Team,5f6a8a9b.qasm,64,0.210972,0.0012,0.0002
Practice Team,5f6a8a9b.qasm,512,0.244753,0.0012,0.0002
Practice Team,5f79d6db.qasm,16,2.410285,0.0595,0.0005
Practice Team,5f79d6db.qasm,64,6.691746,0.0595,0.0002
Practice Team,5f79d6db.qasm,512,217.821312,0.0595,0.0002
Practice Team,613afa2d.qasm,16,1.701692,0.0385,0.0004
Practice Team,613afa2d.qasm,64,4.118175,0.0385,0.0002
Practice Team,613afa2d.qasm,512,58.822141,0.0385,0.0002
Practice Team,622c4417.qasm,16,2.451193,0.0767,0.0004
Practice Team,622c4417.qasm,64,11.778036,0.0767,0.0002
Practice Team,622c4417.qasm,512,479.718483,0.0767,0.0002
Practice Team,635bd24f.qasm,16,2.579753,0.0640,0.0004
Practice Team,635bd24f.qasm,64,2.060520,0.0640,0.0002
Practice Team,635bd24f.qasm,512,47.124578,0.0640,0.0002
Practice Team,637811d8.qasm,16,2.595497,0.0742,0.0005
Practice Team,637811d8.qasm,64,9.856475,0.0742,0.0003
Practice Team,637811d8.qasm,512,401.453477,0.0742,0.0002
Practice Team,63aaa50d.qasm,16,0.359442,0.0042,0.0004
Practice Team,63aaa50d.qasm,64,0.341624,0.0042,0.0002
Practice Team,63aaa50d.qasm,512,0.684864,0.0042,0.0003
Practice Team,64273f69.qasm,16,2.249797,0.0608,0.0006
Practice Team,64273f69.qasm,64,6.246178,0.0608,0.0003
Practice Team,64273f69.qasm,512,203.317745,0.0608,0.0002
Practice Team,6457f235.qasm,16,0.828508,0.0010,0.0010
Practice Team,6457f235.qasm,64,1.332020,0.0010,0.0003
Practice Team,6457f235.qasm,512,9.012352,0.0010,0.0002
Practice Team,64731b8d.qasm,16,2.557333,0.0810,0.0005
Practice Team,64731b8d.qasm,64,10.602410,0.0810,0.0002
Practice Team,64731b8d.qasm,512,431.835334,0.0810,0.0002
Practice Team,64f32748.qasm,16,2.595497,0.0768,0.0007
Practice Team,64f32748.qasm,64,9.856475,0.0768,0.0003
Practice Team,64f32748.qasm,512,401.453477,0.0768,0.0003
Practice Team,6533abd6.qasm,16,1075.901031,0.8917,0.0006
Practice Team,6533abd6.qasm,64,985.814262,0.8917,0.0003
Practice Team,6533abd6.qasm,512,12960.068582,0.8917,0.0002
Practice Team,65dcd512.qasm,16,0.424721,0.0044,0.0005
Practice Team,65dcd512.qasm,64,0.403668,0.0044,0.0002
Practice Team,65dcd512.qasm,512,0.809245,0.0044,0.0002
Practice Team,661be484.qasm,16,521.342299,2.6523,0.0005
Practice Team,661be484.qasm,64,671.363541,2.6523,0.0002
Practice Team,661be484.qasm,512,10081.886033,2.6523,0.0002
Practice Team,66343f14.qasm,16,0.187000,0.0003,0.0004
Practice Team,66343f14.qasm,64,0.229695,0.0003,0.0005
Practice Team,66343f14.qasm,512,0.249368,0.0003,0.0002
Practice Team,6694b099.qasm,16,10.375560,0.0147,0.0007
Practice Team,6694b099.qasm,64,8.444889,0.0147,0.0003
Practice Team,6694b099.qasm,512,9.505777,0.0147,0.0002
Practice Team,67346cae.qasm,16,0.173705,0.0004,0.0003
Practice Team,67346cae.qasm,64,0.196083,0.0004,0.0002
Practice Team,67346cae.qasm,512,0.217779,0.0004,0.0002
Practice Team,6740a375.qasm,16,0.614287,0.0053,0.0006
Practice Team,6740a375.qasm,64,1.097715,0.0053,0.0002
Practice Team,6740a375.qasm,512,0.717704,0.0053,0.0002
Practice Team,6785591a.qasm,16,0.225044,0.0008,0.0003
Practice Team,6785591a.qasm,64,0.309758,0.0008,0.0002
Practice Team,6785591a.qasm,512,0.313011,0.0008,0.0002
Practice Team,67b5fe45.qasm,16,293.727416,1.1709,0.0005
Practice Team,67b5fe45.qasm,64,285.624983,1.1709,0.0002
Practice Team,67b5fe45.qasm,512,1415.005181,1.1709,0.0002
Practice Team,67f3547d.qasm,16,0.516670,0.0005,0.0004
Practice Team,67f3547d.qasm,64,0.697038,0.0005,0.0002
Practice Team,67f3547d.qasm,512,0.486236,0.0005,0.0002
Practice Team,68528bdf.qasm,16,0.200461,0.0012,0.0008
Practice Team,68528bdf.qasm,64,0.246229,0.0012,0.0003
Practice Team,68528bdf.qasm,512,0.231353,0.0012,0.0002
Practice Team,699bd83c.qasm,16,1080.332997,0.3367,0.0005
Practice Team,699bd83c.qasm,64,1116.658309,0.3367,0.0002
Practice Team,699bd83c.qasm,512,13695.485103,0.3367,0.0002
Practice Team,69c7223c.qasm,16,1.675871,0.0027,0.0004
Practice Team,69c7223c.qasm,64,3.728883,0.0027,0.0002
Practice Team,69c7223c.qasm,512,30.379366,0.0027,0.0004
Practice Team,69c8191e.qasm,16,0.278357,0.0033,0.0005
Practice Team,69c8191e.qasm,64,0.383139,0.0033,0.0003
Practice Team,69c8191e.qasm,512,0.339582,0.0033,0.0002
Practice Team,69cf1b12.qasm,16,2.398575,0.0715,0.0005
Practice Team,69cf1b12.qasm,64,9.108659,0.0715,0.0002
Practice Team,69cf1b12.qasm,512,370.994972,0.0715,0.0002
Practice Team,69e799fa.qasm,16,2.518274,0.0635,0.0005
Practice Team,69e799fa.qasm,64,8.532721,0.0635,0.0002
Practice Team,69e799fa.qasm,512,347.537062,0.0635,0.0002
Practice Team,6a5034af.qasm,16,6.031373,0.4265,0.0005
Practice Team,6a5034af.qasm,64,4.924885,0.4265,0.0002
Practice Team,6a5034af.qasm,512,10.589500,0.4265,0.0002
Practice Team,6bc3891b.qasm,16,0.179762,0.0005,0.0004
Practice Team,6bc3891b.qasm,64,0.235738,0.0005,0.0002
Practice Team,6bc3891b.qasm,512,0.255929,0.0005,0.0002
Practice Team,6c69bcc7.qasm,16,2.595497,0.0756,0.0005
Practice Team,6c69bcc7.qasm,64,9.856475,0.0756,0.0002
Practice Team,6c69bcc7.qasm,512,401.453477,0.0756,0.0002
Practice Team,6c848dc7.qasm,16,0.267095,0.0008,0.0004
Practice Team,6c848dc7.qasm,64,0.350266,0.0008,0.0002
Practice Team,6c848dc7.qasm,512,0.389021,0.0008,0.0002
Practice Team,6d2833ea.qasm,16,2.398575,0.0694,0.0005
Practice Team,6d2833ea.qasm,64,9.108659,0.0694,0.0002
Practice Team,6d2833ea.qasm,512,370.994972,0.0694,0.0002
Practice Team,6da6ce61.qasm,16,2.498791,0.1216,0.0020
Practice Team,6da6ce61.qasm,64,14.718261,0.1216,0.0029
Practice Team,6da6ce61.qasm,512,630.309698,0.1216,0.0006
Practice Team,6de17b5a.qasm,16,21.152378,0.0143,0.0008
Practice Team,6de17b5a.qasm,64,43.428021,0.0143,0.0011
Practice Team,6de17b5a.qasm,512,474.807133,0.0143,0.0009
Practice Team,6ee18f92.qasm,16,0.188786,0.0010,0.0008
Practice Team,6ee18f92.qasm,64,0.614408,0.0010,0.0005
Practice Team,6ee18f92.qasm,512,0.693744,0.0010,0.0005
Practice Team,6f16ddc6.qasm,16,0.187000,0.0005,0.0008
Practice Team,6f16ddc6.qasm,64,0.229695,0.0005,0.0005
Practice Team,6f16ddc6.qasm,512,0.249368,0.0005,0.0004
Practice Team,6f6328cc.qasm,16,2.381051,0.0758,0.0006
Practice Team,6f6328cc.qasm,64,1.735960,0.0758,0.0003
Practice Team,6f6328cc.qasm,512,42.101541,0.0758,0.0002
Practice Team,6fef948c.qasm,16,1.830381,0.1396,0.0005
Practice Team,6fef948c.qasm,64,1.718719,0.1396,0.0002
Practice Team,6fef948c.qasm,512,25.472319,0.1396,0.0002
Practice Team,700c376b.qasm,16,2.579867,0.0810,0.0005
Practice Team,700c376b.qasm,64,10.196864,0.0810,0.0002
Practice Team,700c376b.qasm,512,415.317474,0.0810,0.0002
Practice Team,7063be19.qasm,16,2.375255,0.0917,0.0005
Practice Team,7063be19.qasm,64,12.738066,0.0917,0.0002
Practice Team,7063be19.qasm,512,518.820459,0.0917,0.0002
Practice Team,70d5d461.qasm,16,2.050536,0.0163,0.0005
Practice Team,70d5d461.qasm,64,5.268335,0.0163,0.0002
Practice Team,70d5d461.qasm,512,61.385970,0.0163,0.0002
Practice Team,711cdd0b.qasm,16,2.249797,0.0569,0.0005
Practice Team,711cdd0b.qasm,64,6.246178,0.0569,0.0002
Practice Team,711cdd0b.qasm,512,203.317745,0.0569,0.0002
Practice Team,72b5f996.qasm,16,0.240642,0.0062,0.0005
Practice Team,72b5f996.qasm,64,0.582721,0.0062,0.0003
Practice Team,72b5f996.qasm,512,0.353308,0.0062,0.0005
Practice Team,72cc2f13.qasm,16,8.765331,0.2137,0.0005
Practice Team,72cc2f13.qasm,64,8.263638,0.2137,0.0002
Practice Team,72cc2f13.qasm,512,222.442344,0.2137,0.0002
Practice Team,72d8892d.qasm,16,2.270512,0.0012,0.0005
Practice Team,72d8892d.qasm,64,4.223013,0.0012,0.0002
Practice Team,72d8892d.qasm,512,32.477556,0.0012,0.0002
Practice Team,73191d24.qasm,16,0.258966,0.0012,0.0003
Practice Team,73191d24.qasm,64,0.318093,0.0012,0.0002
Practice Team,73191d24.qasm,512,0.369025,0.0012,0.0002
Practice Team,7337baba.qasm,16,0.185750,0.0001,0.0003
Practice Team,7337baba.qasm,64,0.259179,0.0001,0.0002
Practice Team,7337baba.qasm,512,0.149663,0.0001,0.0002
Practice Team,733f4518.qasm,16,229.888842,2.0132,0.0006
Practice Team,733f4518.qasm,64,177.585404,2.0132,0.0003
Practice Team,733f4518.qasm,512,1820.036743,2.0132,0.0002
Practice Team,73f498a0.qasm,16,0.673141,0.0013,0.0005
Practice Team,73f498a0.qasm,64,0.811249,0.0013,0.0002
Practice Team,73f498a0.qasm,512,1.272526,0.0013,0.0002
Practice Team,742bfb51.qasm,16,13618.220347,7.1892,0.0006
Practice Team,742bfb51.qasm,64,14400.000000,7.1892,0.0002
Practice Team,742bfb51.qasm,512,14400.000000,7.1892,0.0002
Practice Team,749ea355.qasm,16,0.545634,0.2874,0.0005
Practice Team,749ea355.qasm,64,0.934296,0.2874,0.0003
Practice Team,749ea355.qasm,512,0.682104,0.2874,0.0002
Practice Team,7513561e.qasm,16,2.595497,0.0713,0.0005
Practice Team,7513561e.qasm,64,9.856475,0.0713,0.0002
Practice Team,7513561e.qasm,512,401.453477,0.0713,0.0002
Practice Team,75137edd.qasm,16,1.829646,0.0057,0.0005
Practice Team,75137edd.qasm,64,0.970625,0.0057,0.0002
Practice Team,75137edd.qasm,512,1.524624,0.0057,0.0002
Practice Team,751d7ced.qasm,16,2.467898,0.0751,0.0006
Practice Team,751d7ced.qasm,64,10.939943,0.0751,0.0003
Practice Team,751d7ced.qasm,512,445.583048,0.0751,0.0002
Practice Team,752a65aa.qasm,16,2.518274,0.0692,0.0005
Practice Team,752a65aa.qasm,64,8.532721,0.0692,0.0003
Practice Team,752a65aa.qasm,512,347.537062,0.0692,0.0002
Practice Team,7548d858.qasm,16,0.590826,0.0231,0.0006
Practice Team,7548d858.qasm,64,0.984168,0.0231,0.0002
Practice Team,7548d858.qasm,512,3.170862,0.0231,0.0002
Practice Team,758554e0.qasm,16,368.065016,0.0077,0.0004
Practice Team,758554e0.qasm,64,354.639172,0.0077,0.0002
Practice Team,758554e0.qasm,512,423.014319,0.0077,0.0002
Practice Team,75bd5cbf.qasm,16,19.262282,0.0032,0.0004
Practice Team,75bd5cbf.qasm,64,29.655926,0.0032,0.0002
Practice Team,75bd5cbf.qasm,512,200.649840,0.0032,0.0002
Practice Team,76034335.qasm,16,0.244756,0.0004,0.0004
Practice Team,76034335.qasm,64,0.373847,0.0004,0.0002
Practice Team,76034335.qasm,512,0.299398,0.0004,0.0002
Practice Team,76d0b692.qasm,16,14.172164,0.4119,0.0005
Practice Team,76d0b692.qasm,64,13.361005,0.4119,0.0002
Practice Team,76d0b692.qasm,512,757.054528,0.4119,0.0002
Practice Team,77a3a480.qasm,16,2.410285,0.0667,0.0005
Practice Team,77a3a480.qasm,64,6.691746,0.0667,0.0002
Practice Team,77a3a480.qasm,512,217.821312,0.0667,0.0002
Practice Team,78adf5c7.qasm,16,8.449969,0.0094,0.0006
Practice Team,78adf5c7.qasm,64,15.686901,0.0094,0.0002
Practice Team,78adf5c7.qasm,512,127.801847,0.0094,0.0002
Practice Team,78f96e37.qasm,16,2.073122,0.0497,0.0006
Practice Team,78f96e37.qasm,64,5.017054,0.0497,0.0002
Practice Team,78f96e37.qasm,512,163.308820,0.0497,0.0002
Practice Team,79b12d71.qasm,16,2.518274,0.0653,0.0005
Practice Team,79b12d71.qasm,64,8.532721,0.0653,0.0002
Practice Team,79b12d71.qasm,512,347.537062,0.0653,0.0002
Practice Team,7a0c7e70.qasm,16,308.763389,1.4549,0.0007
Practice Team,7a0c7e70.qasm,64,433.619310,1.4549,0.0003
Practice Team,7a0c7e70.qasm,512,7656.841027,1.4549,0.0002
Practice Team,7a1c98cc.qasm,16,0.383983,0.0005,0.0004
Practice Team,7a1c98cc.qasm,64,0.372165,0.0005,0.0002
Practice Team,7a1c98cc.qasm,512,0.420221,0.0005,0.0003
Practice Team,7a79f013.qasm,16,392.636965,0.4659,0.0009
Practice Team,7a79f013.qasm,64,405.839062,0.4659,0.0003
Practice Team,7a79f013.qasm,512,5607.499441,0.4659,0.0002
Practice Team,7aad2132.qasm,16,3.655855,0.1860,0.0005
Practice Team,7aad2132.qasm,64,15.513509,0.1860,0.0002
Practice Team,7aad2132.qasm,512,664.366204,0.1860,0.0002
Practice Team,7afdbe61.qasm,16,0.553818,0.0153,0.0007
Practice Team,7afdbe61.qasm,64,0.502770,0.0153,0.0002
Practice Team,7afdbe61.qasm,512,0.972016,0.0153,0.0002
Practice Team,7b19558f.qasm,16,3.016100,0.0997,0.0006
Practice Team,7b19558f.qasm,64,1.798847,0.0997,0.0003
Practice Team,7b19558f.qasm,512,13.117074,0.0997,0.0002
Practice Team,7bab61ca.qasm,16,11.401370,0.0034,0.0005
Practice Team,7bab61ca.qasm,64,12.370138,0.0034,0.0002
Practice Team,7bab61ca.qasm,512,14.444812,0.0034,0.0002
Practice Team,7be7d477.qasm,16,2.682132,0.1064,0.0009
Practice Team,7be7d477.qasm,64,15.798166,0.1064,0.0007
Practice Team,7be7d477.qasm,512,676.556629,0.1064,0.0002
Practice Team,7bf0f1bc.qasm,16,2.557333,0.0861,0.0005
Practice Team,7bf0f1bc.qasm,64,10.602410,0.0861,0.0003
Practice Team,7bf0f1bc.qasm,512,431.835334,0.0861,0.0002
Practice Team,7c9f6bae.qasm,16,2.467898,0.1010,0.0005
Practice Team,7c9f6bae.qasm,64,10.939943,0.1010,0.0002
Practice Team,7c9f6bae.qasm,512,445.583048,0.1010,0.0002
Practice Team,7d6d9a38.qasm,16,3.655855,0.1191,0.0005
Practice Team,7d6d9a38.qasm,64,15.513509,0.1191,0.0002
Practice Team,7d6d9a38.qasm,512,664.366204,0.1191,0.0002
Practice Team,7db40afb.qasm,16,0.200564,0.0002,0.0003
Practice Team,7db40afb.qasm,64,0.272053,0.0002,0.0002
Practice Team,7db40afb.qasm,512,0.169077,0.0002,0.0008
Practice Team,7fdad0c4.qasm,16,2.375255,0.0871,0.0006
Practice Team,7fdad0c4.qasm,64,12.738066,0.0871,0.0002
Practice Team,7fdad0c4.qasm,512,518.820459,0.0871,0.0002
Practice Team,81af3d74.qasm,16,0.237685,0.0004,0.0004
Practice Team,81af3d74.qasm,64,0.210955,0.0004,0.0002
Practice Team,81af3d74.qasm,512,0.212954,0.0004,0.0002
Practice Team,81f388c7.qasm,16,0.247422,0.0011,0.0003
Practice Team,81f388c7.qasm,64,0.250375,0.0011,0.0002
Practice Team,81f388c7.qasm,512,0.230633,0.0011,0.0002
Practice Team,81fdeb0a.qasm,16,0.209986,0.0002,0.0003
Practice Team,81fdeb0a.qasm,64,0.237038,0.0002,0.0002
Practice Team,81fdeb0a.qasm,512,0.224151,0.0002,0.0002
Practice Team,827a3442.qasm,16,0.162245,0.0002,0.0003
Practice Team,827a3442.qasm,64,0.199289,0.0002,0.0002
Practice Team,827a3442.qasm,512,0.216358,0.0002,0.0002
Practice Team,82b89c68.qasm,16,0.624375,0.0200,0.0005
Practice Team,82b89c68.qasm,64,0.566824,0.0200,0.0006
Practice Team,82b89c68.qasm,512,1.095853,0.0200,0.0008
Practice Team,831c33e1.qasm,16,2.682132,0.1006,0.0006
Practice Team,831c33e1.qasm,64,15.798166,0.1006,0.0002
Practice Team,831c33e1.qasm,512,676.556629,0.1006,0.0002
Practice Team,8335b01d.qasm,16,0.308789,0.0004,0.0004
Practice Team,8335b01d.qasm,64,0.551797,0.0004,0.0002
Practice Team,8335b01d.qasm,512,0.384920,0.0004,0.0002
Practice Team,834596bc.qasm,16,440.392602,0.1468,0.0005
Practice Team,834596bc.qasm,64,903.644033,0.1468,0.0002
Practice Team,834596bc.qasm,512,7499.127404,0.1468,0.0002
Practice Team,83b22dc5.qasm,16,1.585497,0.0350,0.0006
Practice Team,83b22dc5.qasm,64,3.836979,0.0350,0.0003
Practice Team,83b22dc5.qasm,512,49.206518,0.0350,0.0003
Practice Team,8400dcc1.qasm,16,0.501222,0.0078,0.0009
Practice Team,8400dcc1.qasm,64,0.956246,0.0078,0.0006
Practice Team,8400dcc1.qasm,512,0.872595,0.0078,0.0016
Practice Team,8422040e.qasm,16,0.421362,0.0011,0.0006
Practice Team,8422040e.qasm,64,0.752964,0.0011,0.0002
Practice Team,8422040e.qasm,512,0.492300,0.0011,0.0002
Practice Team,84fe3fba.qasm,16,2.799884,0.1035,0.0006
Practice Team,84fe3fba.qasm,64,2.491291,0.1035,0.0002
Practice Team,84fe3fba.qasm,512,101.470108,0.1035,0.0002
Practice Team,85317608.qasm,16,0.328317,0.0014,0.0004
Practice Team,85317608.qasm,64,0.482468,0.0014,0.0002
Practice Team,85317608.qasm,512,0.487534,0.0014,0.0002
Practice Team,85863407.qasm,16,2.518274,0.0758,0.0006
Practice Team,85863407.qasm,64,8.532721,0.0758,0.0002
Practice Team,85863407.qasm,512,347.537062,0.0758,0.0002
Practice Team,860cc392.qasm,16,2.518274,0.0725,0.0006
Practice Team,860cc392.qasm,64,8.532721,0.0725,0.0002
Practice Team,860cc392.qasm,512,347.537062,0.0725,0.0002
Practice Team,86464ad3.qasm,16,0.256431,0.0007,0.0006
Practice Team,86464ad3.qasm,64,0.214034,0.0007,0.0002
Practice Team,86464ad3.qasm,512,0.232365,0.0007,0.0002
Practice Team,871618c1.qasm,16,2.073122,0.0491,0.0005
Practice Team,871618c1.qasm,64,5.017054,0.0491,0.0002
Practice Team,871618c1.qasm,512,163.308820,0.0491,0.0002
Practice Team,8732dc00.qasm,16,0.479530,0.0027,0.0004
Practice Team,8732dc00.qasm,64,0.704679,0.0027,0.0002
Practice Team,8732dc00.qasm,512,0.871701,0.0027,0.0002
Practice Team,884b47f6.qasm,16,1.848058,0.0175,0.0005
Practice Team,884b47f6.qasm,64,3.813204,0.0175,0.0003
Practice Team,884b47f6.qasm,512,44.430974,0.0175,0.0002
Practice Team,885efe5b.qasm,16,1.585497,0.0367,0.0006
Practice Team,885efe5b.qasm,64,3.836979,0.0367,0.0003
Practice Team,885efe5b.qasm,512,49.206518,0.0367,0.0002
Practice Team,8930abda.qasm,16,0.465799,0.0053,0.0005
Practice Team,8930abda.qasm,64,0.888665,0.0053,0.0003
Practice Team,8930abda.qasm,512,0.673455,0.0053,0.0002
Practice Team,896404d8.qasm,16,2.799884,0.0955,0.0005
Practice Team,896404d8.qasm,64,2.491291,0.0955,0.0002
Practice Team,896404d8.qasm,512,101.470108,0.0955,0.0002
Practice Team,8a146ce3.qasm,16,156.375441,0.5037,0.0005
Practice Team,8a146ce3.qasm,64,270.907887,0.5037,0.0002
Practice Team,8a146ce3.qasm,512,6390.018604,0.5037,0.0002
Practice Team,8a1c1c3f.qasm,16,0.182618,0.0004,0.0004
Practice Team,8a1c1c3f.qasm,64,0.239483,0.0004,0.0002
Practice Team,8a1c1c3f.qasm,512,0.231678,0.0004,0.0002
Practice Team,8a2ab626.qasm,16,2.494314,0.0691,0.0011
Practice Team,8a2ab626.qasm,64,9.472229,0.0691,0.0004
Practice Team,8a2ab626.qasm,512,363.812853,0.0691,0.0002
Practice Team,8b77bf87.qasm,16,0.527281,0.0123,0.0004
Practice Team,8b77bf87.qasm,64,0.904917,0.0123,0.0003
Practice Team,8b77bf87.qasm,512,1.297514,0.0123,0.0002
Practice Team,8bd576fc.qasm,16,2.050536,0.0143,0.0005
Practice Team,8bd576fc.qasm,64,5.268335,0.0143,0.0002
Practice Team,8bd576fc.qasm,512,61.385970,0.0143,0.0002
Practice Team,8c01a935.qasm,16,7.872360,0.0071,0.0005
Practice Team,8c01a935.qasm,64,14.614602,0.0071,0.0002
Practice Team,8c01a935.qasm,512,119.065781,0.0071,0.0002
Practice Team,8d5010bc.qasm,16,0.165420,0.0005,0.0004
Practice Team,8d5010bc.qasm,64,0.277637,0.0005,0.0002
Practice Team,8d5010bc.qasm,512,0.278477,0.0005,0.0002
Practice Team,8d9d4033.qasm,16,1.332089,0.0297,0.0005
Practice Team,8d9d4033.qasm,64,2.634971,0.0297,0.0002
Practice Team,8d9d4033.qasm,512,30.483077,0.0297,0.0002
Practice Team,8e84b85a.qasm,16,0.177111,0.0005,0.0004
Practice Team,8e84b85a.qasm,64,0.217549,0.0005,0.0002
Practice Team,8e84b85a.qasm,512,0.201059,0.0005,0.0002
Practice Team,8e9564e3.qasm,16,2.410285,0.0611,0.0005
Practice Team,8e9564e3.qasm,64,6.691746,0.0611,0.0002
Practice Team,8e9564e3.qasm,512,217.821312,0.0611,0.0002
Practice Team,8f4e1b64.qasm,16,8.765331,0.2078,0.0005
Practice Team,8f4e1b64.qasm,64,8.263638,0.2078,0.0002
Practice Team,8f4e1b64.qasm,512,222.442344,0.2078,0.0002
Practice Team,8f564e3e.qasm,16,2.375255,0.0869,0.0005
Practice Team,8f564e3e.qasm,64,12.738066,0.0869,0.0003
Practice Team,8f564e3e.qasm,512,518.820459,0.0869,0.0002
Practice Team,8f8fbcbd.qasm,16,481.620089,2.2132,0.0006
Practice Team,8f8fbcbd.qasm,64,676.374784,2.2132,0.0005
Practice Team,8f8fbcbd.qasm,512,9310.473823,2.2132,0.0003
Practice Team,8fb9e9ac.qasm,16,0.358841,0.0136,0.0004
Practice Team,8fb9e9ac.qasm,64,0.334109,0.0136,0.0002
Practice Team,8fb9e9ac.qasm,512,0.341391,0.0136,0.0003
Practice Team,9143d50f.qasm,16,0.372064,0.0066,0.0004
Practice Team,9143d50f.qasm,64,0.512120,0.0066,0.0002
Practice Team,9143d50f.qasm,512,0.453901,0.0066,0.0002
Practice Team,917fa943.qasm,16,2.001321,0.0050,0.0003
Practice Team,917fa943.qasm,64,5.141891,0.0050,0.0002
Practice Team,917fa943.qasm,512,53.832427,0.0050,0.0002
Practice Team,92f98bb3.qasm,16,0.368692,0.0154,0.0004
Practice Team,92f98bb3.qasm,64,0.483499,0.0154,0.0003
Practice Team,92f98bb3.qasm,512,0.729931,0.0154,0.0002
Practice Team,933b305c.qasm,16,2.398575,0.0711,0.0005
Practice Team,933b305c.qasm,64,9.108659,0.0711,0.0003
Practice Team,933b305c.qasm,512,370.994972,0.0711,0.0002
Practice Team,93865be7.qasm,16,0.198404,0.0001,0.0003
Practice Team,93865be7.qasm,64,0.323794,0.0001,0.0002
Practice Team,93865be7.qasm,512,0.186974,0.0001,0.0002
Practice Team,9395edc6.qasm,16,2.625571,0.0006,0.0003
Practice Team,9395edc6.qasm,64,3.070266,0.0006,0.0002
Practice Team,9395edc6.qasm,512,3.466717,0.0006,0.0002
Practice Team,93c78575.qasm,16,2.382594,0.0860,0.0005
Practice Team,93c78575.qasm,64,12.496656,0.0860,0.0002
Practice Team,93c78575.qasm,512,508.987845,0.0860,0.0002
Practice Team,9429600a.qasm,16,2.557333,0.0785,0.0005
Practice Team,9429600a.qasm,64,10.602410,0.0785,0.0002
Practice Team,9429600a.qasm,512,431.835334,0.0785,0.0002
Practice Team,94f4e26a.qasm,16,2.498791,0.1052,0.0005
Practice Team,94f4e26a.qasm,64,14.718261,0.1052,0.0002
Practice Team,94f4e26a.qasm,512,630.309698,0.1052,0.0002
Practice Team,950704f2.qasm,16,8.543490,0.0878,0.0005
Practice Team,950704f2.qasm,64,4.289968,0.0878,0.0002
Practice Team,950704f2.qasm,512,50.688048,0.0878,0.0002
Practice Team,954ad251.qasm,16,0.262853,0.0002,0.0003
Practice Team,954ad251.qasm,64,0.311945,0.0002,0.0002
Practice Team,954ad251.qasm,512,0.217605,0.0002,0.0002
Practice Team,957c248b.qasm,16,0.486936,0.0041,0.0003
Practice Team,957c248b.qasm,64,0.284144,0.0041,0.0002
Practice Team,957c248b.qasm,512,0.403534,0.0041,0.0002
Practice Team,964382be.qasm,16,2.498791,0.0999,0.0005
Practice Team,964382be.qasm,64,14.718261,0.0999,0.0002
Practice Team,964382be.qasm,512,630.309698,0.0999,0.0002
Practice Team,965eb08c.qasm,16,2.518274,0.0664,0.0009
Practice Team,965eb08c.qasm,64,8.532721,0.0664,0.0005
Practice Team,965eb08c.qasm,512,347.537062,0.0664,0.0003
Practice Team,96876fa5.qasm,16,3.554492,0.1168,0.0009
Practice Team,96876fa5.qasm,64,2.953393,0.1168,0.0003
Practice Team,96876fa5.qasm,512,22.931285,0.1168,0.0002
Practice Team,96f82da7.qasm,16,0.552295,0.0055,0.0005
Practice Team,96f82da7.qasm,64,0.653899,0.0055,0.0002
Practice Team,96f82da7.qasm,512,0.610557,0.0055,0.0002
Practice Team,981d8651.qasm,16,0.421362,0.0020,0.0004
Practice Team,981d8651.qasm,64,0.752964,0.0020,0.0002
Practice Team,981d8651.qasm,512,0.492300,0.0020,0.0002
Practice Team,9a442b56.qasm,16,2.579753,0.0686,0.0005
Practice Team,9a442b56.qasm,64,2.060520,0.0686,0.0002
Practice Team,9a442b56.qasm,512,47.124578,0.0686,0.0002
Practice Team,9c6b6510.qasm,16,0.435580,0.0140,0.0006
Practice Team,9c6b6510.qasm,64,0.647435,0.0140,0.0002
Practice Team,9c6b6510.qasm,512,0.690968,0.0140,0.0002
Practice Team,9ccf974e.qasm,16,0.177183,0.0005,0.0004
Practice Team,9ccf974e.qasm,64,0.200009,0.0005,0.0002
Practice Team,9ccf974e.qasm,512,0.217139,0.0005,0.0002
Practice Team,9d76010e.qasm,16,0.421362,0.0012,0.0003
Practice Team,9d76010e.qasm,64,0.752964,0.0012,0.0002
Practice Team,9d76010e.qasm,512,0.492300,0.0012,0.0003
Practice Team,9d7cbc78.qasm,16,0.368692,0.0151,0.0013
Practice Team,9d7cbc78.qasm,64,0.483499,0.0151,0.0006
Practice Team,9d7cbc78.qasm,512,0.729931,0.0151,0.0003
Practice Team,9d7e60b6.qasm,16,0.372064,0.0064,0.0006
Practice Team,9d7e60b6.qasm,64,0.512120,0.0064,0.0003
Practice Team,9d7e60b6.qasm,512,0.453901,0.0064,0.0002
Practice Team,9e3be92a.qasm,16,8.543490,0.0891,0.0009
Practice Team,9e3be92a.qasm,64,4.289968,0.0891,0.0004
Practice Team,9e3be92a.qasm,512,50.688048,0.0891,0.0002
Practice Team,9ea3bed5.qasm,16,1.643185,0.0043,0.0006
Practice Team,9ea3bed5.qasm,64,1.439326,0.0043,0.0003
Practice Team,9ea3bed5.qasm,512,1.781637,0.0043,0.0002
Practice Team,9f744e04.qasm,16,35.743178,0.2256,0.0006
Practice Team,9f744e04.qasm,64,52.356750,0.2256,0.0003
Practice Team,9f744e04.qasm,512,2778.141760,0.2256,0.0002
Practice Team,a0a79499.qasm,16,1.042077,0.0037,0.0008
Practice Team,a0a79499.qasm,64,1.366569,0.0037,0.0004
Practice Team,a0a79499.qasm,512,1.940767,0.0037,0.0003
Practice Team,a0b53b67.qasm,16,0.284748,0.0020,0.0004
Practice Team,a0b53b67.qasm,64,0.391935,0.0020,0.0003
Practice Team,a0b53b67.qasm,512,0.442545,0.0020,0.0002
Practice Team,a169a3ba.qasm,16,2.410285,0.0642,0.0006
Practice Team,a169a3ba.qasm,64,6.691746,0.0642,0.0002
Practice Team,a169a3ba.qasm,512,217.821312,0.0642,0.0002
Practice Team,a1b3d3aa.qasm,16,2.610179,0.0036,0.0005
Practice Team,a1b3d3aa.qasm,64,2.954509,0.0036,0.0002
Practice Team,a1b3d3aa.qasm,512,8.614531,0.0036,0.0002
Practice Team,a1bc8d56.qasm,16,1.241687,0.0298,0.0005
Practice Team,a1bc8d56.qasm,64,2.115617,0.0298,0.0003
Practice Team,a1bc8d56.qasm,512,21.137050,0.0298,0.0002
Practice Team,a3cb01ca.qasm,16,1.585497,0.0365,0.0007
Practice Team,a3cb01ca.qasm,64,3.836979,0.0365,0.0003
Practice Team,a3cb01ca.qasm,512,49.206518,0.0365,0.0002
Practice Team,a409aaa1.qasm,16,2.932400,0.0049,0.0006
Practice Team,a409aaa1.qasm,64,4.221617,0.0049,0.0003
Practice Team,a409aaa1.qasm,512,16.217731,0.0049,0.0002
Practice Team,a440a477.qasm,16,10.098258,0.0013,0.0005
Practice Team,a440a477.qasm,64,9.496721,0.0013,0.0003
Practice Team,a440a477.qasm,512,11.200637,0.0013,0.0002
Practice Team,a44fdc9f.qasm,16,0.278357,0.0025,0.0004
Practice Team,a44fdc9f.qasm,64,0.383139,0.0025,0.0002
Practice Team,a44fdc9f.qasm,512,0.339582,0.0025,0.0002
Practice Team,a4f95806.qasm,16,0.230964,0.0014,0.0011
Practice Team,a4f95806.qasm,64,0.331822,0.0014,0.0008
Practice Team,a4f95806.qasm,512,0.335306,0.0014,0.0005
Practice Team,a75c691c.qasm,16,0.553818,0.0166,0.0006
Practice Team,a75c691c.qasm,64,0.502770,0.0166,0.0007
Practice Team,a75c691c.qasm,512,0.972016,0.0166,0.0005
Practice Team,a8818670.qasm,16,0.292832,0.0006,0.0006
Practice Team,a8818670.qasm,64,0.523282,0.0006,0.0003
Practice Team,a8818670.qasm,512,0.356756,0.0006,0.0003
Practice Team,a8b40b61.qasm,16,2.518274,0.0680,0.0005
Practice Team,a8b40b61.qasm,64,8.532721,0.0680,0.0002
Practice Team,a8b40b61.qasm,512,347.537062,0.0680,0.0002
Practice Team,a8dfab96.qasm,16,1.332089,0.0295,0.0005
Practice Team,a8dfab96.qasm,64,2.634971,0.0295,0.0003
Practice Team,a8dfab96.qasm,512,30.483077,0.0295,0.0002
Practice Team,a9091180.qasm,16,2.557333,0.0779,0.0018
Practice Team,a9091180.qasm,64,10.602410,0.0779,0.0004
Practice Team,a9091180.qasm,512,431.835334,0.0779,0.0004
Practice Team,aa41f5f1.qasm,16,2.557333,0.0777,0.0005
Practice Team,aa41f5f1.qasm,64,10.602410,0.0777,0.0002
Practice Team,aa41f5f1.qasm,512,431.835334,0.0777,0.0002
Practice Team,aac529b2.qasm,16,232.245038,0.1686,0.0005
Practice Team,aac529b2.qasm,64,248.067687,0.1686,0.0003
Practice Team,aac529b2.qasm,512,1695.064668,0.1686,0.0002
Practice Team,aaf05f5c.qasm,16,1.701692,0.0445,0.0006
Practice Team,aaf05f5c.qasm,64,4.118175,0.0445,0.0002
Practice Team,aaf05f5c.qasm,512,58.822141,0.0445,0.0003
Practice Team,ab65fd24.qasm,16,3.655855,0.1057,0.0005
Practice Team,ab65fd24.qasm,64,15.513509,0.1057,0.0003
Practice Team,ab65fd24.qasm,512,664.366204,0.1057,0.0002
Practice Team,ab8a1b3c.qasm,16,2.001321,0.0113,0.0005
Practice Team,ab8a1b3c.qasm,64,5.141891,0.0113,0.0002
Practice Team,ab8a1b3c.qasm,512,53.832427,0.0113,0.0002
Practice Team,ab964bf6.qasm,16,1.701692,0.0425,0.0019
Practice Team,ab964bf6.qasm,64,4.118175,0.0425,0.0010
Practice Team,ab964bf6.qasm,512,58.822141,0.0425,0.0005
Practice Team,aceda861.qasm,16,7.432006,0.0075,0.0004
Practice Team,aceda861.qasm,64,8.063499,0.0075,0.0002
Practice Team,aceda861.qasm,512,11.337924,0.0075,0.0002
Practice Team,ad2439c7.qasm,16,2.375255,0.0934,0.0005
Practice Team,ad2439c7.qasm,64,12.738066,0.0934,0.0003
Practice Team,ad2439c7.qasm,512,518.820459,0.0934,0.0002
Practice Team,ad74d7c1.qasm,16,5.302648,0.0067,0.0005
Practice Team,ad74d7c1.qasm,64,16.384920,0.0067,0.0002
Practice Team,ad74d7c1.qasm,512,110.354542,0.0067,0.0002
Practice Team,aed3c1af.qasm,16,2.518274,0.0658,0.0007
Practice Team,aed3c1af.qasm,64,8.532721,0.0658,0.0015
Practice Team,aed3c1af.qasm,512,347.537062,0.0658,0.0006
Practice Team,af2659f0.qasm,16,0.181075,0.0005,0.0007
Practice Team,af2659f0.qasm,64,0.222417,0.0005,0.0004
Practice Team,af2659f0.qasm,512,0.224525,0.0005,0.0002
Practice Team,af88ad19.qasm,16,0.155151,0.0011,0.0004
Practice Team,af88ad19.qasm,64,0.210621,0.0011,0.0002
Practice Team,af88ad19.qasm,512,0.161461,0.0011,0.0002
Practice Team,af8b17d0.qasm,16,0.257372,0.0001,0.0003
Practice Team,af8b17d0.qasm,64,0.403005,0.0001,0.0002
Practice Team,af8b17d0.qasm,512,0.232715,0.0001,0.0002
Practice Team,b06c81ca.qasm,16,2.249797,0.0537,0.0006
Practice Team,b06c81ca.qasm,64,6.246178,0.0537,0.0002
Practice Team,b06c81ca.qasm,512,203.317745,0.0537,0.0002
Practice Team,b11883af.qasm,16,1.306429,0.0166,0.0005
Practice Team,b11883af.qasm,64,1.085499,0.0166,0.0002
Practice Team,b11883af.qasm,512,1.170008,0.0166,0.0002
Practice Team,b1ea1d60.qasm,16,0.479530,0.0059,0.0005
Practice Team,b1ea1d60.qasm,64,0.704679,0.0059,0.0002
Practice Team,b1ea1d60.qasm,512,0.871701,0.0059,0.0002
Practice Team,b2346111.qasm,16,368.714193,0.0291,0.0007
Practice Team,b2346111.qasm,64,355.264669,0.0291,0.0003
Practice Team,b2346111.qasm,512,460.637704,0.0291,0.0002
Practice Team,b38d732e.qasm,16,0.610749,0.0117,0.0007
Practice Team,b38d732e.qasm,64,0.576493,0.0117,0.0003
Practice Team,b38d732e.qasm,512,1.124698,0.0117,0.0002
Practice Team,b469b640.qasm,16,8.611692,0.0080,0.0005
Practice Team,b469b640.qasm,64,2.804439,0.0080,0.0002
Practice Team,b469b640.qasm,512,2.687357,0.0080,0.0002
Practice Team,b4976343.qasm,16,0.212915,0.0006,0.0004
Practice Team,b4976343.qasm,64,0.293063,0.0006,0.0002
Practice Team,b4976343.qasm,512,0.275357,0.0006,0.0002
Practice Team,b4c090da.qasm,16,0.159355,0.0003,0.0003
Practice Team,b4c090da.qasm,64,0.230958,0.0003,0.0002
Practice Team,b4c090da.qasm,512,0.207979,0.0003,0.0002
Practice Team,b5baa095.qasm,16,0.437156,0.0013,0.0003
Practice Team,b5baa095.qasm,64,1.555066,0.0013,0.0002
Practice Team,b5baa095.qasm,512,1.834078,0.0013,0.0002
Practice Team,b5be0645.qasm,16,1059.327157,0.6052,0.0005
Practice Team,b5be0645.qasm,64,1512.774931,0.6052,0.0002
Practice Team,b5be0645.qasm,512,10256.089507,0.6052,0.0002
Practice Team,b601af0f.qasm,16,0.378992,0.0035,0.0004
Practice Team,b601af0f.qasm,64,0.465523,0.0035,0.0002
Practice Team,b601af0f.qasm,512,0.702793,0.0035,0.0002
Practice Team,b630efea.qasm,16,1.701692,0.0360,0.0009
Practice Team,b630efea.qasm,64,4.118175,0.0360,0.0005
Practice Team,b630efea.qasm,512,58.822141,0.0360,0.0003
Practice Team,b680d160.qasm,16,2.557333,0.0787,0.0005
Practice Team,b680d160.qasm,64,10.602410,0.0787,0.0002
Practice Team,b680d160.qasm,512,431.835334,0.0787,0.0002
Practice Team,b7694c8e.qasm,16,0.639297,0.0239,0.0005
Practice Team,b7694c8e.qasm,64,0.635818,0.0239,0.0005
Practice Team,b7694c8e.qasm,512,1.137432,0.0239,0.0002
Practice Team,b792cc98.qasm,16,0.137587,0.0002,0.0004
Practice Team,b792cc98.qasm,64,0.177517,0.0002,0.0002
Practice Team,b792cc98.qasm,512,0.164650,0.0002,0.0002
Practice Team,b97c72bf.qasm,16,0.310020,0.0014,0.0004
Practice Team,b97c72bf.qasm,64,0.426721,0.0014,0.0002
Practice Team,b97c72bf.qasm,512,0.352017,0.0014,0.0002
Practice Team,b9ba0e84.qasm,16,2.548127,0.0118,0.0005
Practice Team,b9ba0e84.qasm,64,4.373086,0.0118,0.0002
Practice Team,b9ba0e84.qasm,512,14.520495,0.0118,0.0002
Practice Team,ba0c09b8.qasm,16,2.518274,0.0696,0.0005
Practice Team,ba0c09b8.qasm,64,8.532721,0.0696,0.0002
Practice Team,ba0c09b8.qasm,512,347.537062,0.0696,0.0002
Practice Team,bb291a8b.qasm,16,2.382594,0.0840,0.0005
Practice Team,bb291a8b.qasm,64,12.496656,0.0840,0.0002
Practice Team,bb291a8b.qasm,512,508.987845,0.0840,0.0002
Practice Team,bb50273f.qasm,16,166.481253,0.4841,0.0005
Practice Team,bb50273f.qasm,64,46.504021,0.4841,0.0002
Practice Team,bb50273f.qasm,512,278.211777,0.4841,0.0002
Practice Team,bc99b330.qasm,16,97.849925,0.4604,0.0006
Practice Team,bc99b330.qasm,64,137.417901,0.4604,0.0002
Practice Team,bc99b330.qasm,512,4891.775601,0.4604,0.0002
Practice Team,bc9dd950.qasm,16,1.332089,0.0289,0.0008
Practice Team,bc9dd950.qasm,64,2.634971,0.0289,0.0004
Practice Team,bc9dd950.qasm,512,30.483077,0.0289,0.0006
Practice Team,bd32080b.qasm,16,1136.599734,0.6915,0.0005
Practice Team,bd32080b.qasm,64,1730.863694,0.6915,0.0003
Practice Team,bd32080b.qasm,512,14400.000000,0.6915,0.0003
Practice Team,bd462bd7.qasm,16,2.579753,0.0580,0.0009
Practice Team,bd462bd7.qasm,64,1.880827,0.0580,0.0004
Practice Team,bd462bd7.qasm,512,43.014962,0.0580,0.0002
Practice Team,bdd2c3ff.qasm,16,3.476308,0.0243,0.0005
Practice Team,bdd2c3ff.qasm,64,8.873675,0.0243,0.0003
Practice Team,bdd2c3ff.qasm,512,539.712338,0.0243,0.0002
Practice Team,be527b4d.qasm,16,635.640223,3.6410,0.0005
Practice Team,be527b4d.qasm,64,551.644077,3.6410,0.0002
Practice Team,be527b4d.qasm,512,2323.102639,3.6410,0.0002
Practice Team,bf029799.qasm,16,2.518274,0.0653,0.0005
Practice Team,bf029799.qasm,64,8.532721,0.0653,0.0002
Practice Team,bf029799.qasm,512,347.537062,0.0653,0.0002
Practice Team,bf0f8df9.qasm,16,0.590826,0.0229,0.0005
Practice Team,bf0f8df9.qasm,64,0.984168,0.0229,0.0002
Practice Team,bf0f8df9.qasm,512,3.170862,0.0229,0.0002
Practice Team,bf9674e9.qasm,16,0.363361,0.0012,0.0008
Practice Team,bf9674e9.qasm,64,0.649317,0.0012,0.0003
Practice Team,bf9674e9.qasm,512,0.450048,0.0012,0.0003
Practice Team,c05aa9cf.qasm,16,3.655855,0.1326,0.0005
Practice Team,c05aa9cf.qasm,64,15.513509,0.1326,0.0002
Practice Team,c05aa9cf.qasm,512,664.366204,0.1326,0.0002
Practice Team,c0a1d157.qasm,16,0.612502,0.0056,0.0004
Practice Team,c0a1d157.qasm,64,0.843067,0.0056,0.0002
Practice Team,c0a1d157.qasm,512,1.256222,0.0056,0.0002
Practice Team,c0ffe57a.qasm,16,0.247225,0.0004,0.0003
Practice Team,c0ffe57a.qasm,64,0.279074,0.0004,0.0002
Practice Team,c0ffe57a.qasm,512,0.282004,0.0004,0.0002
Practice Team,c20bb346.qasm,16,2.699782,0.0392,0.0005
Practice Team,c20bb346.qasm,64,2.389232,0.0392,0.0003
Practice Team,c20bb346.qasm,512,6.708546,0.0392,0.0002
Practice Team,c246552a.qasm,16,3.512770,0.0169,0.0004
Practice Team,c246552a.qasm,64,8.966749,0.0169,0.0002
Practice Team,c246552a.qasm,512,401.563154,0.0169,0.0002
Practice Team,c39fa73b.qasm,16,0.199168,0.0002,0.0003
Practice Team,c39fa73b.qasm,64,0.244642,0.0002,0.0002
Practice Team,c39fa73b.qasm,512,0.226099,0.0002,0.0002
Practice Team,c3c0513f.qasm,16,0.484080,0.0012,0.0003
Practice Team,c3c0513f.qasm,64,0.339163,0.0012,0.0002
Practice Team,c3c0513f.qasm,512,0.382958,0.0012,0.0002
Practice Team,c40ecada.qasm,16,2.249797,0.0546,0.0005
Practice Team,c40ecada.qasm,64,6.246178,0.0546,0.0002
Practice Team,c40ecada.qasm,512,203.317745,0.0546,0.0002
Practice Team,c4c36286.qasm,16,2.518274,0.0646,0.0005
Practice Team,c4c36286.qasm,64,8.532721,0.0646,0.0002
Practice Team,c4c36286.qasm,512,347.537062,0.0646,0.0002
Practice Team,c4ff2c11.qasm,16,0.643203,0.0022,0.0004
Practice Team,c4ff2c11.qasm,64,2.078569,0.0022,0.0002
Practice Team,c4ff2c11.qasm,512,2.451510,0.0022,0.0002
Practice Team,c6678d16.qasm,16,304.353055,2.3524,0.0006
Practice Team,c6678d16.qasm,64,527.267214,2.3524,0.0002
Practice Team,c6678d16.qasm,512,9310.473823,2.3524,0.0002
Practice Team,c676cfb4.qasm,16,0.256431,0.0004,0.0004
Practice Team,c676cfb4.qasm,64,0.214034,0.0004,0.0002
Practice Team,c676cfb4.qasm,512,0.232365,0.0004,0.0002
Practice Team,c7670b0a.qasm,16,0.330529,0.0004,0.0003
Practice Team,c7670b0a.qasm,64,0.373110,0.0004,0.0002
Practice Team,c7670b0a.qasm,512,0.377028,0.0004,0.0002
Practice Team,c7a93f95.qasm,16,2.073122,0.0458,0.0003
Practice Team,c7a93f95.qasm,64,5.017054,0.0458,0.0002
Practice Team,c7a93f95.qasm,512,163.308820,0.0458,0.0002
Practice Team,c7bddf55.qasm,16,0.567794,0.0206,0.0004
Practice Team,c7bddf55.qasm,64,0.945801,0.0206,0.0002
Practice Team,c7bddf55.qasm,512,2.873560,0.0206,0.0002
Practice Team,c82bb473.qasm,16,2.073122,0.0471,0.0004
Practice Team,c82bb473.qasm,64,5.017054,0.0471,0.0002
Practice Team,c82bb473.qasm,512,163.308820,0.0471,0.0002
Practice Team,c84ad65b.qasm,16,1.701692,0.0380,0.0004
Practice Team,c84ad65b.qasm,64,4.118175,0.0380,0.0002
Practice Team,c84ad65b.qasm,512,58.822141,0.0380,0.0002
Practice Team,c8afe1ad.qasm,16,0.308789,0.0003,0.0003
Practice Team,c8afe1ad.qasm,64,0.551797,0.0003,0.0002
Practice Team,c8afe1ad.qasm,512,0.384920,0.0003,0.0002
Practice Team,c945995d.qasm,16,2.410285,0.0578,0.0005
Practice Team,c945995d.qasm,64,6.691746,0.0578,0.0002
Practice Team,c945995d.qasm,512,217.821312,0.0578,0.0002
Practice Team,c95f41f8.qasm,16,0.206585,0.0003,0.0004
Practice Team,c95f41f8.qasm,64,0.299383,0.0003,0.0004
Practice Team,c95f41f8.qasm,512,0.208842,0.0003,0.0003
Practice Team,c96fe790.qasm,16,48.279692,0.4611,0.0006
Practice Team,c96fe790.qasm,64,17.563920,0.4611,0.0003
Practice Team,c96fe790.qasm,512,79.288553,0.4611,0.0002
Practice Team,c999af32.qasm,16,1.701692,0.0398,0.0005
Practice Team,c999af32.qasm,64,4.118175,0.0398,0.0002
Practice Team,c999af32.qasm,512,58.822141,0.0398,0.0003
Practice Team,ca0a2ce5.qasm,16,0.624375,0.0192,0.0004
Practice Team,ca0a2ce5.qasm,64,0.566824,0.0192,0.0002
Practice Team,ca0a2ce5.qasm,512,1.095853,0.0192,0.0002
Practice Team,ca634f4d.qasm,16,1.241687,0.0301,0.0010
Practice Team,ca634f4d.qasm,64,2.115617,0.0301,0.0003
Practice Team,ca634f4d.qasm,512,21.137050,0.0301,0.0002
Practice Team,ca8c6d9a.qasm,16,2.467898,0.0783,0.0005
Practice Team,ca8c6d9a.qasm,64,10.939943,0.0783,0.0002
Practice Team,ca8c6d9a.qasm,512,445.583048,0.0783,0.0002
Practice Team,ca980007.qasm,16,2.073122,0.0550,0.0005
Practice Team,ca980007.qasm,64,5.017054,0.0550,0.0003
Practice Team,ca980007.qasm,512,163.308820,0.0550,0.0002
Practice Team,cab2b6e9.qasm,16,2.249797,0.0509,0.0005
Practice Team,cab2b6e9.qasm,64,6.246178,0.0509,0.0002
Practice Team,cab2b6e9.qasm,512,203.317745,0.0509,0.0002
Practice Team,cb2b300f.qasm,16,2.410285,0.0579,0.0005
Practice Team,cb2b300f.qasm,64,6.691746,0.0579,0.0002
Practice Team,cb2b300f.qasm,512,217.821312,0.0579,0.0003
Practice Team,cc5bc6eb.qasm,16,0.297163,0.0010,0.0003
Practice Team,cc5bc6eb.qasm,64,0.409024,0.0010,0.0002
Practice Team,cc5bc6eb.qasm,512,0.420197,0.0010,0.0004
Practice Team,ccfd978a.qasm,16,14.172164,0.8232,0.0006
Practice Team,ccfd978a.qasm,64,13.361005,0.8232,0.0003
Practice Team,ccfd978a.qasm,512,757.054528,0.8232,0.0003
Practice Team,cd51d9b8.qasm,16,2.595497,0.0736,0.0005
Practice Team,cd51d9b8.qasm,64,9.856475,0.0736,0.0002
Practice Team,cd51d9b8.qasm,512,401.453477,0.0736,0.0002
Practice Team,cd592018.qasm,16,2.375255,0.0886,0.0006
Practice Team,cd592018.qasm,64,12.738066,0.0886,0.0002
Practice Team,cd592018.qasm,512,518.820459,0.0886,0.0002
Practice Team,cd5b55b6.qasm,16,0.199168,0.0005,0.0004
Practice Team,cd5b55b6.qasm,64,0.244642,0.0005,0.0003
Practice Team,cd5b55b6.qasm,512,0.226099,0.0005,0.0003
Practice Team,ce4f4dde.qasm,16,0.509555,0.0038,0.0005
Practice Team,ce4f4dde.qasm,64,0.701366,0.0038,0.0002
Practice Team,ce4f4dde.qasm,512,0.867604,0.0038,0.0002
Practice Team,ce7207a3.qasm,16,0.624375,0.0211,0.0005
Practice Team,ce7207a3.qasm,64,0.566824,0.0211,0.0003
Practice Team,ce7207a3.qasm,512,1.095853,0.0211,0.0002
Practice Team,cee426fe.qasm,16,27.769539,0.0811,0.0005
Practice Team,cee426fe.qasm,64,46.752197,0.0811,0.0002
Practice Team,cee426fe.qasm,512,1581.316925,0.0811,0.0002
Practice Team,cf2c4cc9.qasm,16,0.182618,0.0004,0.0004
Practice Team,cf2c4cc9.qasm,64,0.239483,0.0004,0.0002
Practice Team,cf2c4cc9.qasm,512,0.231678,0.0004,0.0002
Practice Team,cf5bfeb1.qasm,16,2.382594,0.0821,0.0005
Practice Team,cf5bfeb1.qasm,64,12.496656,0.0821,0.0003
Practice Team,cf5bfeb1.qasm,512,508.987845,0.0821,0.0002
Practice Team,d168a391.qasm,16,0.810225,0.0029,0.0006
Practice Team,d168a391.qasm,64,1.115218,0.0029,0.0003
Practice Team,d168a391.qasm,512,1.523726,0.0029,0.0002
Practice Team,d20d9d2e.qasm,16,2.579753,0.0601,0.0005
Practice Team,d20d9d2e.qasm,64,1.880827,0.0601,0.0002
Practice Team,d20d9d2e.qasm,512,43.014962,0.0601,0.0002
Practice Team,d21812d8.qasm,16,2.381051,0.0562,0.0005
Practice Team,d21812d8.qasm,64,1.735960,0.0562,0.0003
Practice Team,d21812d8.qasm,512,42.101541,0.0562,0.0002
Practice Team,d2ffaf7e.qasm,16,0.425822,0.0018,0.0004
Practice Team,d2ffaf7e.qasm,64,0.812395,0.0018,0.0003
Practice Team,d2ffaf7e.qasm,512,0.615655,0.0018,0.0003
Practice Team,d3f98c63.qasm,16,2.382594,0.0807,0.0005
Practice Team,d3f98c63.qasm,64,12.496656,0.0807,0.0002
Practice Team,d3f98c63.qasm,512,508.987845,0.0807,0.0002
Practice Team,d3f998bc.qasm,16,2.494314,0.0667,0.0005
Practice Team,d3f998bc.qasm,64,9.472229,0.0667,0.0002
Practice Team,d3f998bc.qasm,512,363.812853,0.0667,0.0002
Practice Team,d49ba491.qasm,16,1.701692,0.0384,0.0005
Practice Team,d49ba491.qasm,64,4.118175,0.0384,0.0002
Practice Team,d49ba491.qasm,512,58.822141,0.0384,0.0002
Practice Team,d4a7f2c7.qasm,16,0.567794,0.0234,0.0006
Practice Team,d4a7f2c7.qasm,64,0.945801,0.0234,0.0002
Practice Team,d4a7f2c7.qasm,512,2.873560,0.0234,0.0002
Practice Team,d706049b.qasm,16,0.244511,0.0007,0.0004
Practice Team,d706049b.qasm,64,1.028879,0.0007,0.0002
Practice Team,d706049b.qasm,512,1.213482,0.0007,0.0002
Practice Team,d70a0bd6.qasm,16,319.222065,3.7264,0.0005
Practice Team,d70a0bd6.qasm,64,246.593870,3.7264,0.0002
Practice Team,d70a0bd6.qasm,512,2149.305651,3.7264,0.0002
Practice Team,d7fe8918.qasm,16,51.536586,0.0140,0.0005
Practice Team,d7fe8918.qasm,64,85.132813,0.0140,0.0002
Practice Team,d7fe8918.qasm,512,630.711474,0.0140,0.0003
Practice Team,d87e1b4b.qasm,16,0.508825,0.0100,0.0005
Practice Team,d87e1b4b.qasm,64,0.780491,0.0100,0.0002
Practice Team,d87e1b4b.qasm,512,1.139877,0.0100,0.0002
Practice Team,d9b603b5.qasm,16,1.585497,0.0372,0.0007
Practice Team,d9b603b5.qasm,64,3.836979,0.0372,0.0003
Practice Team,d9b603b5.qasm,512,49.206518,0.0372,0.0002
Practice Team,d9c77e07.qasm,16,0.088646,0.0003,0.0005
Practice Team,d9c77e07.qasm,64,0.162031,0.0003,0.0002
Practice Team,d9c77e07.qasm,512,0.089739,0.0003,0.0002
Practice Team,da0e58a0.qasm,16,2.799884,0.0986,0.0005
Practice Team,da0e58a0.qasm,64,2.491291,0.0986,0.0002
Practice Team,da0e58a0.qasm,512,101.470108,0.0986,0.0002
Practice Team,da213329.qasm,16,2.557333,0.0733,0.0004
Practice Team,da213329.qasm,64,10.602410,0.0733,0.0002
Practice Team,da213329.qasm,512,431.835334,0.0733,0.0002
Practice Team,da3a2f77.qasm,16,2.682132,0.0901,0.0004
Practice Team,da3a2f77.qasm,64,15.798166,0.0901,0.0002
Practice Team,da3a2f77.qasm,512,676.556629,0.0901,0.0002
Practice Team,da4d0871.qasm,16,14.172164,0.8263,0.0005
Practice Team,da4d0871.qasm,64,13.361005,0.8263,0.0002
Practice Team,da4d0871.qasm,512,757.054528,0.8263,0.0002
Practice Team,da505823.qasm,16,2.073122,0.0483,0.0005
Practice Team,da505823.qasm,64,5.017054,0.0483,0.0002
Practice Team,da505823.qasm,512,163.308820,0.0483,0.0002
Practice Team,da601912.qasm,16,171.144537,0.9320,0.0007
Practice Team,da601912.qasm,64,132.206381,0.9320,0.0004
Practice Team,da601912.qasm,512,1660.765169,0.9320,0.0005
Practice Team,dae23358.qasm,16,2.073122,0.0519,0.0005
Practice Team,dae23358.qasm,64,5.017054,0.0519,0.0002
Practice Team,dae23358.qasm,512,163.308820,0.0519,0.0002
Practice Team,db12c1f0.qasm,16,0.486936,0.0042,0.0004
Practice Team,db12c1f0.qasm,64,0.284144,0.0042,0.0002
Practice Team,db12c1f0.qasm,512,0.403534,0.0042,0.0002
Practice Team,db6ca211.qasm,16,0.527281,0.0129,0.0005
Practice Team,db6ca211.qasm,64,0.904917,0.0129,0.0002
Practice Team,db6ca211.qasm,512,1.297514,0.0129,0.0002
Practice Team,dbcc99b4.qasm,16,0.278357,0.0023,0.0004
Practice Team,dbcc99b4.qasm,64,0.383139,0.0023,0.0002
Practice Team,dbcc99b4.qasm,512,0.339582,0.0023,0.0002
Practice Team,dc86453a.qasm,16,68.674776,0.3775,0.0005
Practice Team,dc86453a.qasm,64,66.780391,0.3775,0.0002
Practice Team,dc86453a.qasm,512,1004.018783,0.3775,0.0002
Practice Team,de690b52.qasm,16,1.701692,0.0348,0.0005
Practice Team,de690b52.qasm,64,4.118175,0.0348,0.0002
Practice Team,de690b52.qasm,512,58.822141,0.0348,0.0002
Practice Team,deb00fe1.qasm,16,0.252756,0.0008,0.0004
Practice Team,deb00fe1.qasm,64,0.340127,0.0008,0.0002
Practice Team,deb00fe1.qasm,512,0.457110,0.0008,0.0002
Practice Team,df1a7a89.qasm,16,5606.287373,0.1283,0.0005
Practice Team,df1a7a89.qasm,64,4133.641565,0.1283,0.0002
Practice Team,df1a7a89.qasm,512,4760.358936,0.1283,0.0002
Practice Team,df43c2c2.qasm,16,2.595497,0.0699,0.0005
Practice Team,df43c2c2.qasm,64,9.856475,0.0699,0.0003
Practice Team,df43c2c2.qasm,512,401.453477,0.0699,0.0002
Practice Team,df458745.qasm,16,1.728955,0.0584,0.0005
Practice Team,df458745.qasm,64,1.408790,0.0584,0.0002
Practice Team,df458745.qasm,512,3.667013,0.0584,0.0002
Practice Team,df75e229.qasm,16,2.375255,0.0862,0.0005
Practice Team,df75e229.qasm,64,12.738066,0.0862,0.0002
Practice Team,df75e229.qasm,512,518.820459,0.0862,0.0002
Practice Team,e10d312f.qasm,16,57.293374,0.2059,0.0005
Practice Team,e10d312f.qasm,64,51.591964,0.2059,0.0002
Practice Team,e10d312f.qasm,512,168.940502,0.2059,0.0002
Practice Team,e260fc6a.qasm,16,0.203550,0.0041,0.0004
Practice Team,e260fc6a.qasm,64,0.255740,0.0041,0.0002
Practice Team,e260fc6a.qasm,512,0.240289,0.0041,0.0002
Practice Team,e3863462.qasm,16,2.256547,0.0147,0.0004
Practice Team,e3863462.qasm,64,3.872677,0.0147,0.0002
Practice Team,e3863462.qasm,512,13.896851,0.0147,0.0002
Practice Team,e3b97044.qasm,16,2.498791,0.0954,0.0005
Practice Team,e3b97044.qasm,64,14.718261,0.0954,0.0002
Practice Team,e3b97044.qasm,512,630.309698,0.0954,0.0002
Practice Team,e4a4359e.qasm,16,140.575009,2.4046,0.0005
Practice Team,e4a4359e.qasm,64,58.914479,2.4046,0.0002
Practice Team,e4a4359e.qasm,512,603.802534,2.4046,0.0002
Practice Team,e4b50619.qasm,16,0.317920,0.0002,0.0004
Practice Team,e4b50619.qasm,64,0.460730,0.0002,0.0002
Practice Team,e4b50619.qasm,512,0.321394,0.0002,0.0002
Practice Team,e61acd2b.qasm,16,0.368692,0.0141,0.0003
Practice Team,e61acd2b.qasm,64,0.483499,0.0141,0.0002
Practice Team,e61acd2b.qasm,512,0.729931,0.0141,0.0002
Practice Team,e66c3381.qasm,16,2.467898,0.0740,0.0004
Practice Team,e66c3381.qasm,64,10.939943,0.0740,0.0003
Practice Team,e66c3381.qasm,512,445.583048,0.0740,0.0002
Practice Team,e698c12d.qasm,16,0.162245,0.0002,0.0003
Practice Team,e698c12d.qasm,64,0.199289,0.0002,0.0002
Practice Team,e698c12d.qasm,512,0.216358,0.0002,0.0002
Practice Team,e7296260.qasm,16,2.682132,0.0922,0.0005
Practice Team,e7296260.qasm,64,15.798166,0.0922,0.0002
Practice Team,e7296260.qasm,512,676.556629,0.0922,0.0002
Practice Team,e751ad87.qasm,16,5.214680,0.1307,0.0005
Practice Team,e751ad87.qasm,64,8.647680,0.1307,0.0003
Practice Team,e751ad87.qasm,512,70.706026,0.1307,0.0002
Practice Team,e7540ce6.qasm,16,3.655855,0.1117,0.0005
Practice Team,e7540ce6.qasm,64,15.513509,0.1117,0.0002
Practice Team,e7540ce6.qasm,512,664.366204,0.1117,0.0002
Practice Team,e815593a.qasm,16,0.342888,0.0013,0.0004
Practice Team,e815593a.qasm,64,0.875542,0.0013,0.0002
Practice Team,e815593a.qasm,512,2.300578,0.0013,0.0002
Practice Team,e893b1a5.qasm,16,14.172164,0.3894,0.0005
Practice Team,e893b1a5.qasm,64,13.361005,0.3894,0.0002
Practice Team,e893b1a5.qasm,512,757.054528,0.3894,0.0002
Practice Team,ea801020.qasm,16,84.530495,0.4520,0.0005
Practice Team,ea801020.qasm,64,22.050032,0.4520,0.0002
Practice Team,ea801020.qasm,512,119.268208,0.4520,0.0002
Practice Team,eb153d64.qasm,16,0.421362,0.0020,0.0004
Practice Team,eb153d64.qasm,64,0.752964,0.0020,0.0002
Practice Team,eb153d64.qasm,512,0.492300,0.0020,0.0002
Practice Team,ebb0ac17.qasm,16,0.181712,0.0017,0.0003
Practice Team,ebb0ac17.qasm,64,0.500608,0.0017,0.0002
Practice Team,ebb0ac17.qasm,512,0.443782,0.0017,0.0002
Practice Team,ebc18fd7.qasm,16,7.258391,0.1077,0.0005
Practice Team,ebc18fd7.qasm,64,6.423475,0.1077,0.0002
Practice Team,ebc18fd7.qasm,512,63.738624,0.1077,0.0002
Practice Team,ebc3e166.qasm,16,112.433492,0.8291,0.0005
Practice Team,ebc3e166.qasm,64,77.576794,0.8291,0.0002
Practice Team,ebc3e166.qasm,512,85.277265,0.8291,0.0002
Practice Team,ec70915a.qasm,16,1.588321,0.0039,0.0004
Practice Team,ec70915a.qasm,64,4.054371,0.0039,0.0002
Practice Team,ec70915a.qasm,512,36.526461,0.0039,0.0002
Practice Team,eca6fb66.qasm,16,2.557333,0.0730,0.0005
Practice Team,eca6fb66.qasm,64,10.602410,0.0730,0.0002
Practice Team,eca6fb66.qasm,512,431.835334,0.0730,0.0002
Practice Team,ed52defd.qasm,16,0.426512,0.0158,0.0005
Practice Team,ed52defd.qasm,64,0.559324,0.0158,0.0002
Practice Team,ed52defd.qasm,512,0.990470,0.0158,0.0002
Practice Team,eefd994e.qasm,16,2.382594,0.0762,0.0005
Practice Team,eefd994e.qasm,64,12.496656,0.0762,0.0003
Practice Team,eefd994e.qasm,512,508.987845,0.0762,0.0002
Practice Team,ef8d10d7.qasm,16,1.285790,0.0134,0.0004
Practice Team,ef8d10d7.qasm,64,3.282126,0.0134,0.0002
Practice Team,ef8d10d7.qasm,512,126.903655,0.0134,0.0002
Practice Team,efafd44f.qasm,16,0.540124,0.0007,0.0003
Practice Team,efafd44f.qasm,64,0.745335,0.0007,0.0002
Practice Team,efafd44f.qasm,512,0.519927,0.0007,0.0002
Practice Team,f030e083.qasm,16,1.663101,0.0206,0.0003
Practice Team,f030e083.qasm,64,2.854208,0.0206,0.0002
Practice Team,f030e083.qasm,512,30.969878,0.0206,0.0002
Practice Team,f05a6196.qasm,16,84.530495,0.4479,0.0005
Practice Team,f05a6196.qasm,64,22.050032,0.4479,0.0002
Practice Team,f05a6196.qasm,512,119.268208,0.4479,0.0002
Practice Team,f0c5e28f.qasm,16,0.266179,0.0005,0.0004
Practice Team,f0c5e28f.qasm,64,0.264730,0.0005,0.0002
Practice Team,f0c5e28f.qasm,512,0.279143,0.0005,0.0002
Practice Team,f0e878db.qasm,16,1.433184,0.0298,0.0004
Practice Team,f0e878db.qasm,64,3.339329,0.0298,0.0002
Practice Team,f0e878db.qasm,512,33.491731,0.0298,0.0002
Practice Team,f0e91b40.qasm,16,1.993153,0.0109,0.0003
Practice Team,f0e91b40.qasm,64,5.120905,0.0109,0.0002
Practice Team,f0e91b40.qasm,512,53.612714,0.0109,0.0002
Practice Team,f1167cc3.qasm,16,2.073122,0.0592,0.0006
Practice Team,f1167cc3.qasm,64,5.017054,0.0592,0.0003
Practice Team,f1167cc3.qasm,512,163.308820,0.0592,0.0002
Practice Team,f163436d.qasm,16,0.178264,0.0003,0.0006
Practice Team,f163436d.qasm,64,0.218965,0.0003,0.0002
Practice Team,f163436d.qasm,512,0.237720,0.0003,0.0002
Practice Team,f1bcea54.qasm,16,2.398575,0.0731,0.0006
Practice Team,f1bcea54.qasm,64,9.108659,0.0731,0.0002
Practice Team,f1bcea54.qasm,512,370.994972,0.0731,0.0002
Practice Team,f27a09cf.qasm,16,0.536881,0.0052,0.0004
Practice Team,f27a09cf.qasm,64,0.959393,0.0052,0.0002
Practice Team,f27a09cf.qasm,512,0.627267,0.0052,0.0002
Practice Team,f2a5a67a.qasm,16,0.368692,0.0149,0.0004
Practice Team,f2a5a67a.qasm,64,0.483499,0.0149,0.0003
Practice Team,f2a5a67a.qasm,512,0.729931,0.0149,0.0002
Practice Team,f5398281.qasm,16,2.682132,0.0950,0.0005
Practice Team,f5398281.qasm,64,15.798166,0.0950,0.0002
Practice Team,f5398281.qasm,512,676.556629,0.0950,0.0002
Practice Team,f5aeb6f0.qasm,16,2.467898,0.0760,0.0006
Practice Team,f5aeb6f0.qasm,64,10.939943,0.0760,0.0003
Practice Team,f5aeb6f0.qasm,512,445.583048,0.0760,0.0003
Practice Team,f5d72dae.qasm,16,0.507933,0.0007,0.0004
Practice Team,f5d72dae.qasm,64,0.728675,0.0007,0.0002
Practice Team,f5d72dae.qasm,512,1.072286,0.0007,0.0002
Practice Team,f67ec297.qasm,16,2.249797,0.0520,0.0004
Practice Team,f67ec297.qasm,64,6.246178,0.0520,0.0002
Practice Team,f67ec297.qasm,512,203.317745,0.0520,0.0002
Practice Team,f7ff0727.qasm,16,0.191142,0.0002,0.0003
Practice Team,f7ff0727.qasm,64,0.261676,0.0002,0.0002
Practice Team,f7ff0727.qasm,512,0.157676,0.0002,0.0002
Practice Team,f8a38627.qasm,16,142.062759,0.6253,0.0006
Practice Team,f8a38627.qasm,64,246.112315,0.6253,0.0002
Practice Team,f8a38627.qasm,512,5805.154991,0.6253,0.0002
Practice Team,f8d235ae.qasm,16,0.256570,0.0006,0.0004
Practice Team,f8d235ae.qasm,64,0.267285,0.0006,0.0002
Practice Team,f8d235ae.qasm,512,0.247167,0.0006,0.0002
Practice Team,f98536e0.qasm,16,0.162245,0.0002,0.0003
Practice Team,f98536e0.qasm,64,0.199289,0.0002,0.0002
Practice Team,f98536e0.qasm,512,0.216358,0.0002,0.0003
Practice Team,f9fee41b.qasm,16,2.498791,0.1061,0.0007
Practice Team,f9fee41b.qasm,64,14.718261,0.1061,0.0004
Practice Team,f9fee41b.qasm,512,630.309698,0.1061,0.0004
Practice Team,fabdaac7.qasm,16,0.395551,0.0021,0.0004
Practice Team,fabdaac7.qasm,64,0.544448,0.0021,0.0002
Practice Team,fabdaac7.qasm,512,0.731705,0.0021,0.0002
Practice Team,fadf1f0d.qasm,16,140.575009,2.3794,0.0005
Practice Team,fadf1f0d.qasm,64,58.914479,2.3794,0.0002
Practice Team,fadf1f0d.qasm,512,603.802534,2.3794,0.0002
Practice Team,fb107df5.qasm,16,0.846155,0.0015,0.0004
Practice Team,fb107df5.qasm,64,0.918052,0.0015,0.0002
Practice Team,fb107df5.qasm,512,0.666057,0.0015,0.0002
Practice Team,fb7e6eb0.qasm,16,9.302969,0.0054,0.0003
Practice Team,fb7e6eb0.qasm,64,17.270448,0.0054,0.0002
Practice Team,fb7e6eb0.qasm,512,140.703078,0.0054,0.0002
Practice Team,fb8a2851.qasm,16,0.225044,0.0009,0.0003
Practice Team,fb8a2851.qasm,64,0.309758,0.0009,0.0002
Practice Team,fb8a2851.qasm,512,0.313011,0.0009,0.0002
Practice Team,fb9223a1.qasm,16,0.199168,0.0003,0.0003
Practice Team,fb9223a1.qasm,64,0.244642,0.0003,0.0002
Practice Team,fb9223a1.qasm,512,0.226099,0.0003,0.0002
Practice Team,fb9be929.qasm,16,0.207387,0.0002,0.0003
Practice Team,fb9be929.qasm,64,0.290612,0.0002,0.0002
Practice Team,fb9be929.qasm,512,0.180727,0.0002,0.0002
Practice Team,fbcf0ea3.qasm,16,2.557333,0.0740,0.0004
Practice Team,fbcf0ea3.qasm,64,10.602410,0.0740,0.0002
Practice Team,fbcf0ea3.qasm,512,431.835334,0.0740,0.0002
Practice Team,fbdc2a1f.qasm,16,0.426512,0.0160,0.0003
Practice Team,fbdc2a1f.qasm,64,0.559324,0.0160,0.0002
Practice Team,fbdc2a1f.qasm,512,0.990470,0.0160,0.0002
Practice Team,fbe1d41c.qasm,16,0.148312,0.0006,0.0003
Practice Team,fbe1d41c.qasm,64,0.182175,0.0006,0.0002
Practice Team,fbe1d41c.qasm,512,0.197778,0.0006,0.0002
Practice Team,fc1ce5ab.qasm,16,15.039546,1.2600,0.0011
Practice Team,fc1ce5ab.qasm,64,14.178742,1.2600,0.0004
Practice Team,fc1ce5ab.qasm,512,803.388714,1.2600,0.0002
Practice Team,fc330f35.qasm,16,2.595497,0.0749,0.0005
Practice Team,fc330f35.qasm,64,9.856475,0.0749,0.0002
Practice Team,fc330f35.qasm,512,401.453477,0.0749,0.0002
Practice Team,fc56714f.qasm,16,0.204987,0.0004,0.0004
Practice Team,fc56714f.qasm,64,0.231395,0.0004,0.0002
Practice Team,fc56714f.qasm,512,0.256998,0.0004,0.0002
Practice Team,fc5872f2.qasm,16,19.586277,3.5426,0.0006
Practice Team,fc5872f2.qasm,64,17.589043,3.5426,0.0003
Practice Team,fc5872f2.qasm,512,18.212831,3.5426,0.0002
Practice Team,fc66bdd4.qasm,16,1.183377,0.0268,0.0005
Practice Team,fc66bdd4.qasm,64,2.403440,0.0268,0.0002
Practice Team,fc66bdd4.qasm,512,15.153603,0.0268,0.0002
Practice Team,fdf0b97e.qasm,16,2.595497,0.0744,0.0005
Practice Team,fdf0b97e.qasm,64,9.856475,0.0744,0.0002
Practice Team,fdf0b97e.qasm,512,401.453477,0.0744,0.0003
Practice Team,ffe82f32.qasm,16,0.195501,0.0007,0.0005
Practice Team,ffe82f32.qasm,64,0.636262,0.0007,0.0002
Practice Team,ffe82f32.qasm,512,0.718420,0.0007,0.0002
