model,oof_score,fold_mean,fold_std,mean_train_seconds,mean_predict_seconds
extra_trees,0.8908038493459981,0.890814621515848,0.015865918267429106,0.43280688339145856,0.03845591660356149
lightgbm,0.8867404778529498,0.8867488946783493,0.016212204251831345,2.9127735833986663,0.002925883390707895
hist_gradient_boosting,0.8860245120374846,0.8860335321325316,0.013576693304544704,1.469602125196252,0.007611400203313678
xgboost,0.8834078467219775,0.8834157314395077,0.01128532908538126,1.0111598670016975,0.00111557500786148
random_forest,0.8719005431174802,0.8719098387378779,0.015579576043217545,0.5319000580057036,0.039053199795307594
gradient_boosting,0.8487696062823369,0.8487864636984026,0.013104281572946344,1.4568010582006536,0.0007531584065873176
knn,0.8347477067370698,0.8347610387620963,0.01456452287972602,0.0008262413961347192,0.011892191605875268
mlp,0.8342529829211756,0.834251988866999,0.015510226551816468,0.14237238340429031,0.00030034160008654
svr,0.8093412501645497,0.8093515530682378,0.01024019886944872,0.03554234160110355,0.010861208202550187
