filename,n_qubits,n_ops,n_1q,n_2q,two_q_ratio,approx_depth
0071a13b.qasm,72,38441,33314,5127,0.1333732213001743,28434
00c20ece.qasm,108,43360,26317,17043,0.3930581180811808,4915
03042ac9.qasm,90,18406,17653,753,0.04091057263935673,2726
03934028.qasm,113,26492,20752,5740,0.21666918314963007,455
03ee478e.qasm,118,38884,23474,15410,0.39630696430408396,24112
04276362.qasm,55,23650,22295,1355,0.057293868921775896,4683
0491d461.qasm,166,16138,8852,7286,0.4514809765770232,8562
0525d9ee.qasm,158,16451,16058,393,0.023889125281137926,11394
0534bf07.qasm,62,7231,4335,2896,0.40049785645138986,1285
055dc894.qasm,13,14777,9751,5026,0.34012316437707246,6674
056c2b99.qasm,61,45315,31372,13943,0.30769061017323185,21618
058c7d32.qasm,84,1033,815,218,0.2110358180058083,409
067475b0.qasm,22,14494,9982,4512,0.3113012280943839,3601
06857ab2.qasm,165,35720,29482,6238,0.1746360582306831,34673
06a7dabf.qasm,117,29543,26284,3259,0.11031377991402362,2133
06e45cf2.qasm,64,16401,8482,7919,0.4828364124138772,4506
0732491c.qasm,5,36111,26001,10110,0.2799700922156684,35319
07fc5b22.qasm,6,49660,31444,18216,0.3668143374949658,47130
08239e90.qasm,170,25542,14418,11124,0.4355179704016913,458
0885b672.qasm,37,48247,45783,2464,0.05107053288287355,21419
0a0f4c36.qasm,192,41100,20812,20288,0.49362530413625305,23857
0b0e43d6.qasm,211,44772,40928,3844,0.08585723219869561,18980
0b325fdd.qasm,42,46673,36820,9853,0.2111070640413087,42515
0bde3200.qasm,140,11192,6471,4721,0.421819156540386,3444
0c0ce4a1.qasm,216,16710,13820,2890,0.172950329144225,4875
0c676248.qasm,73,13967,11867,2100,0.15035440681606643,10842
0cc92082.qasm,167,5909,3320,2589,0.43814520223388054,5356
0cd81bd7.qasm,186,37414,34359,3055,0.08165392633773454,21084
0d08bd43.qasm,121,4541,3436,1105,0.24333847170226822,4337
0d094263.qasm,221,21100,14143,6957,0.32971563981042656,8066
0d6f51b4.qasm,155,29048,15145,13903,0.47862159184797576,578
0e8ddfa3.qasm,128,20046,13596,6450,0.3217599521101467,1637
0ee54ab9.qasm,75,46814,43562,3252,0.0694663989404879,16911
0f6ae53c.qasm,155,17967,14277,3690,0.20537652362664885,4333
10761caa.qasm,31,43095,39545,3550,0.08237614572456202,26960
10ea3498.qasm,215,18477,10317,8160,0.4416301347621367,6240
1154e9d9.qasm,138,27023,15398,11625,0.43018909817562817,6374
12157215.qasm,188,42799,31428,11371,0.2656837776583565,3664
125f60d7.qasm,24,35189,28412,6777,0.1925885930262298,27713
138d2c7b.qasm,218,36193,21065,15128,0.4179813776144558,6746
13b8e3f8.qasm,38,14654,10225,4429,0.30223829671079566,837
13eb49aa.qasm,250,44491,33565,10926,0.24557775729922907,30006
14019fed.qasm,46,45990,39193,6797,0.14779299847792998,25289
149b1e7c.qasm,243,8265,4140,4125,0.49909255898366606,5477
15434610.qasm,240,39144,30789,8355,0.2134426732066217,24554
159b3481.qasm,103,30180,30167,13,0.0004307488402915838,1374
15c28669.qasm,26,23739,15540,8199,0.34538101857702513,19054
1619b169.qasm,209,27481,25414,2067,0.07521560350787818,23620
166e9d3a.qasm,173,22441,14248,8193,0.36509068223341207,18416
1688d759.qasm,53,8864,8451,413,0.04659296028880867,6979
16ff70bb.qasm,97,21514,21115,399,0.018546063028725482,2404
17253376.qasm,134,38109,24647,13462,0.3532498884777874,20677
173d4b8b.qasm,172,35788,19074,16714,0.4670280540963451,15038
175f2997.qasm,193,33468,23592,9876,0.2950878451057727,24708
17e5a14b.qasm,207,42631,31257,11374,0.2668011540897469,18946
195099c8.qasm,189,45807,38412,7395,0.16143820813412796,3485
19550378.qasm,233,13041,12068,973,0.07461084272678475,2127
1959a985.qasm,120,39608,33748,5860,0.14794990910927086,7062
19d587f3.qasm,134,48270,37683,10587,0.21932877563704165,13075
1a554de5.qasm,174,4992,2791,2201,0.44090544871794873,4612
1aa22822.qasm,81,8943,7534,1409,0.15755339371575533,6298
1af5b336.qasm,170,2826,2054,772,0.27317763623496105,1904
1b91945f.qasm,215,45326,27618,17708,0.3906808454308785,40896
1cb3c32c.qasm,206,37256,19639,17617,0.47286343139360104,22137
1d1dc1d8.qasm,205,28388,24563,3825,0.13474003099901366,781
1d4b1889.qasm,127,8501,7519,982,0.11551582166803906,1195
1db5f683.qasm,65,3569,3466,103,0.02885962454469039,935
1f1383d7.qasm,205,48831,41185,7646,0.15658086051893264,2634
1fd34b96.qasm,113,5190,2883,2307,0.44450867052023124,1926
20448412.qasm,115,30888,27040,3848,0.12457912457912458,23901
2059c310.qasm,9,40642,37221,3421,0.08417400718468579,38765
2078a631.qasm,87,33681,23052,10629,0.31557851607731363,19158
208334f1.qasm,27,24790,17166,7624,0.3075433642597822,23729
2190b5a7.qasm,31,48276,26095,22181,0.45946225867926094,26018
231bbda3.qasm,71,46176,30867,15309,0.3315358627858628,17449
235dda60.qasm,79,42522,37208,5314,0.12497060345233056,14135
24ca3082.qasm,205,38347,24122,14225,0.3709547031058492,6688
25e26219.qasm,195,39976,32592,7384,0.18471082649589754,35540
25e5b703.qasm,213,44574,37106,7468,0.1675416161888096,37102
264ca70e.qasm,145,28694,17871,10823,0.3771868683348435,12971
27a012bc.qasm,136,20206,18276,1930,0.09551618331188756,12101
27dbf314.qasm,188,22965,13095,9870,0.42978445460483344,18392
27e0ec8e.qasm,170,8839,7281,1558,0.17626428328996493,4122
2818a462.qasm,99,24521,21488,3033,0.12368989845438604,20017
28f914b0.qasm,205,19247,16004,3243,0.16849379124019329,5192
29886bb3.qasm,26,30382,28287,2095,0.06895530248173261,8276
29a887f9.qasm,32,9964,9714,250,0.02509032517061421,4632
2a04dd73.qasm,144,15900,14867,1033,0.06496855345911949,13908
2a0e53ef.qasm,9,35472,29872,5600,0.15787099684258007,10005
2a48defb.qasm,79,24545,13698,10847,0.44192299857404765,8050
2af6859b.qasm,131,44987,39603,5384,0.11967901838308845,32108
2afe3d2e.qasm,181,15562,11016,4546,0.29212183523968643,3226
2b148d98.qasm,133,44936,27338,17598,0.3916236425137974,13288
2b2951ed.qasm,93,36568,27042,9526,0.2605009844672938,28612
2bc3295c.qasm,2,43951,22800,21151,0.4812404723442015,30777
2cbfff1b.qasm,219,15719,11295,4424,0.28144283987531016,9253
2cedce95.qasm,143,11028,9376,1652,0.1498005077983315,6699
2d399444.qasm,72,3836,3243,593,0.1545881126173097,1523
2ea1bf91.qasm,48,36967,32282,4685,0.1267346552330457,36590
3026aed7.qasm,249,44297,28288,16009,0.36140144930807955,4526
306ac152.qasm,188,21036,12165,8871,0.4217056474614946,6192
3099a023.qasm,84,34765,26133,8632,0.2482956996979721,24080
31b8fb3c.qasm,108,8123,5797,2326,0.2863474085928844,1394
31fd025e.qasm,95,39151,30392,8759,0.22372353196597788,17824
320de9fb.qasm,164,9629,8508,1121,0.11641915048291619,1524
32de9cc1.qasm,235,23250,16685,6565,0.28236559139784945,13146
32f44532.qasm,208,34888,18227,16661,0.477556753038294,33769
336f664c.qasm,243,45337,37013,8324,0.18360279683260913,18217
33a2f9be.qasm,215,42044,41716,328,0.0078013509656550285,21959
33c62fb8.qasm,166,25060,20395,4665,0.1861532322426177,23900
3436484d.qasm,221,36583,19493,17090,0.46715687614465734,5608
36d0ea8f.qasm,250,17984,16701,1283,0.07134119217081851,3081
36e23777.qasm,181,12054,10948,1106,0.09175377468060394,8596
371eea68.qasm,131,8929,7313,1616,0.18098331280098556,1870
376d7d92.qasm,61,35382,34679,703,0.019868859872251426,33908
37bd268c.qasm,244,16577,11252,5325,0.32122820775773664,8433
3814b0b9.qasm,94,35850,32137,3713,0.10357043235704323,30371
383bbcad.qasm,184,13272,10835,2437,0.18361965039180228,12064
3841ff5b.qasm,228,35029,19510,15519,0.4430329155842302,11675
385fa1b6.qasm,147,35758,18071,17687,0.4946305721796521,25959
386534f5.qasm,214,37277,19598,17679,0.4742602677254071,22161
3a8d3e53.qasm,140,20608,11997,8611,0.4178474378881988,9149
3be98d6c.qasm,8,40447,21220,19227,0.47536282048112344,39621
3c1f4948.qasm,137,35866,34413,1453,0.04051190542575141,165
3c2f55c1.qasm,168,42287,39735,2552,0.060349516399839195,10640
3c890561.qasm,5,16661,9206,7455,0.44745213372546666,15261
3ccd19ee.qasm,9,30299,16394,13905,0.45892603716294267,13886
3db115f1.qasm,241,3060,2370,690,0.22549019607843138,1077
3e2fde05.qasm,140,30829,21056,9773,0.31700671445716694,14989
3e730381.qasm,178,39412,37633,1779,0.045138536486349336,36537
3eb6cff0.qasm,194,24332,14783,9549,0.3924461614335032,23858
3eca4614.qasm,253,25885,15376,10509,0.4059880239520958,411
3ee85ccf.qasm,201,27584,18687,8897,0.32254205336426917,20926
3f072f57.qasm,69,34904,26097,8807,0.2523206509282604,23742
3f858470.qasm,99,2626,1412,1214,0.4623000761614623,2092
40b719e2.qasm,133,20720,15287,5433,0.2622104247104247,19429
40e78b26.qasm,188,1771,1563,208,0.11744776962168267,1204
41bd27aa.qasm,109,41347,39897,1450,0.03506904974967954,20616
42a256ea.qasm,158,26732,21080,5652,0.2114319916205297,24791
42a71e24.qasm,89,14357,9705,4652,0.32402312460820504,5593
42fa6cae.qasm,38,17930,11165,6765,0.3773006134969325,10280
43168c33.qasm,257,35493,23202,12291,0.3462936353647198,12780
4318a3ef.qasm,124,7451,6767,684,0.09179975842168836,1950
4327c91d.qasm,128,40971,39041,1930,0.04710648995631056,16824
432efc30.qasm,61,49911,45991,3920,0.07853980084550499,41707
445caba2.qasm,159,6652,6597,55,0.008268190018039688,6175
448ebca1.qasm,130,43728,22174,21554,0.4929107208196121,29575
46073cb3.qasm,221,31776,18439,13337,0.41971928499496475,3566
46188cf9.qasm,216,9557,8377,1180,0.12346970806738516,5464
46de7f9b.qasm,55,28448,20503,7945,0.27928149606299213,23705
4737100f.qasm,120,1999,1472,527,0.263631815907954,888
474aa01a.qasm,231,19991,18157,1834,0.09174128357760993,9515
4846208f.qasm,157,44858,35935,8923,0.19891658121182398,26484
4a262567.qasm,70,36903,19864,17039,0.46172397908029156,14894
4a5eba47.qasm,65,23320,16064,7256,0.3111492281303602,12055
4ae57e38.qasm,130,32290,30829,1461,0.04524620625580675,1262
4cbdcf4f.qasm,123,28647,15993,12654,0.44172164624568017,15513
4d59437e.qasm,149,31394,27435,3959,0.1261068994075301,3468
4d78cdd5.qasm,60,12432,10225,2207,0.17752574002574004,9131
4dc2ff13.qasm,21,43508,43356,152,0.0034936103705065736,12108
4e8df7a8.qasm,169,11557,11232,325,0.0281214848143982,3083
4f476879.qasm,73,20357,16049,4308,0.21162253770201897,8668
4f48ab57.qasm,248,25421,23975,1446,0.0568821053459738,12160
4f9a3ab1.qasm,149,21851,11229,10622,0.4861104754931124,16763
4fd60583.qasm,186,26392,16612,9780,0.37056683843588967,15336
4ffb1090.qasm,206,21389,11002,10387,0.48562345130674645,21195
5050d142.qasm,135,3206,2112,1094,0.34123518402994385,1945
51b16166.qasm,158,33014,19884,13130,0.3977100623977706,29530
51b543de.qasm,256,43007,22008,20999,0.48826935150091844,1602
52b00428.qasm,245,48273,40463,7810,0.16178816315538708,26952
53442dc5.qasm,82,41309,34993,6316,0.15289646324045608,23080
5357322a.qasm,24,37395,23104,14291,0.3821633908276508,35738
5385a9e9.qasm,158,29688,15698,13990,0.47123416868768525,29638
53e971c2.qasm,67,23942,13629,10313,0.43074931083451673,6763
54c8f710.qasm,4,16195,12745,3450,0.21302871256560668,5477
54f0b8c5.qasm,110,13931,9104,4827,0.34649343191443543,12168
551cc6ea.qasm,217,15660,11051,4609,0.29431673052362706,13508
568c1ef9.qasm,97,14727,10523,4204,0.28546207645820604,13362
574915eb.qasm,220,32416,19388,13028,0.40190029615004935,18602
577f5adb.qasm,24,9765,6017,3748,0.3838197644649258,6771
587be285.qasm,5,36151,27203,8948,0.24751735774943984,29634
588e0101.qasm,206,2584,1341,1243,0.4810371517027864,2539
591d39f6.qasm,113,4871,4572,299,0.06138369944569903,2789
59267ce4.qasm,53,24798,16802,7996,0.32244535849665296,13214
5a4964e2.qasm,199,34896,30342,4554,0.13050206327372765,30216
5a741dbe.qasm,136,1448,1062,386,0.26657458563535913,984
5a9f20b0.qasm,41,43868,36114,7754,0.17675754536336283,42233
5b419375.qasm,252,32364,23548,8816,0.2724014336917563,30789
5b482142.qasm,60,34241,20660,13581,0.396629771326772,25316
5b58ce32.qasm,151,46636,26474,20162,0.4323269577150699,37218
5c176f37.qasm,45,17927,17919,8,0.00044625425336085236,12325
5c2359c8.qasm,146,43270,30735,12535,0.2896926276866189,5802
5cfcb9cd.qasm,161,27095,15940,11155,0.41169957556744785,14108
5d14d092.qasm,103,27253,23054,4199,0.15407478075808168,7345
5d2b11a2.qasm,106,26791,23672,3119,0.11641969318054571,2558
5d565485.qasm,159,40779,37981,2798,0.06861374727188013,32028
5da1db4b.qasm,143,38971,20387,18584,0.4768674142310949,27870
5e3dc35d.qasm,178,24585,13407,11178,0.45466748017083586,18830
5e4c8439.qasm,252,44155,24875,19280,0.43664364171667985,10510
5e6b0a76.qasm,114,5078,2898,2180,0.42930287514769594,1666
5eaee29f.qasm,66,6681,5639,1042,0.15596467594671456,4905
5ed4dd47.qasm,72,10681,7703,2978,0.2788128452392098,1196
5ee9c404.qasm,43,44927,28538,16389,0.36479177332116547,2711
5ef5ff7c.qasm,144,47563,26265,21298,0.44778504299560584,16879
5f0ad979.qasm,213,23854,13804,10050,0.42131298733964956,10424
5f39af5c.qasm,154,18294,9826,8468,0.462884005684924,16260
5f6a8a9b.qasm,4,5305,3659,1646,0.31027332704995286,151
5f79d6db.qasm,102,33400,24504,8896,0.2663473053892216,13196
613afa2d.qasm,195,5808,4293,1515,0.26084710743801653,5667
622c4417.qasm,192,18909,18457,452,0.023903961076735945,15086
635bd24f.qasm,58,5431,4889,542,0.09979745903148592,3175
637811d8.qasm,22,20116,13062,7054,0.35066613640882877,8767
63aaa50d.qasm,13,19960,13821,6139,0.30756513026052107,5217
64273f69.qasm,201,960,867,93,0.096875,928
6457f235.qasm,90,5269,3925,1344,0.25507686468020496,501
64731b8d.qasm,138,49583,34573,15010,0.30272472419982654,30416
64f32748.qasm,33,25157,13995,11162,0.44369360416583853,5763
6533abd6.qasm,10,43377,42132,1245,0.02870184660073311,31111
65dcd512.qasm,31,22629,17292,5337,0.2358478059127668,1899
661be484.qasm,52,19189,12974,6215,0.3238834749074991,12658
66343f14.qasm,241,35310,20614,14696,0.4161993769470405,4833
6694b099.qasm,210,47509,29041,18468,0.3887263465869625,26951
67346cae.qasm,110,22053,17196,4857,0.22024214392599648,9589
6740a375.qasm,65,29412,22583,6829,0.2321841425268598,13381
6785591a.qasm,17,31682,26690,4992,0.15756581023925256,21166
67b5fe45.qasm,158,4346,3019,1327,0.3053382420616659,2662
67f3547d.qasm,151,27911,19199,8712,0.31213500053742255,14438
68528bdf.qasm,164,1851,1220,631,0.3408968125337655,206
699bd83c.qasm,74,33757,31759,1998,0.059187724027609086,30092
69c7223c.qasm,191,10071,6370,3701,0.36749081521199484,4747
69c8191e.qasm,200,26025,19322,6703,0.25756003842459174,11161
69cf1b12.qasm,99,15013,14714,299,0.0199160727369613,13679
69e799fa.qasm,80,32439,17955,14484,0.4464995838342736,5601
6a5034af.qasm,79,1389,717,672,0.4838012958963283,1124
6bc3891b.qasm,47,24363,14387,9976,0.4094733817674342,11523
6c69bcc7.qasm,65,5019,3646,1373,0.27356047021318985,2546
6c848dc7.qasm,66,40218,31221,8997,0.22370580337162466,1095
6d2833ea.qasm,148,43432,41310,2122,0.04885798489592927,6872
6da6ce61.qasm,62,33630,21606,12024,0.3575379125780553,11108
6de17b5a.qasm,122,28112,22793,5319,0.18920745589072283,19482
6ee18f92.qasm,56,31624,20017,11607,0.3670313685808247,24008
6f16ddc6.qasm,188,42167,24378,17789,0.4218701828444044,39392
6f6328cc.qasm,183,29825,28148,1677,0.05622799664710813,6775
6fef948c.qasm,189,42625,36350,6275,0.1472140762463343,16569
700c376b.qasm,64,7637,7291,346,0.04530574833049627,3105
7063be19.qasm,111,26847,22113,4734,0.1763325511230305,17548
70d5d461.qasm,198,47906,31899,16007,0.3341335114599424,22293
711cdd0b.qasm,58,23426,17182,6244,0.2665414496713054,14210
72b5f996.qasm,21,25569,25070,499,0.019515819938206422,15805
72cc2f13.qasm,86,47188,31843,15345,0.3251886072730355,46209
72d8892d.qasm,258,39821,35550,4271,0.10725496597272796,38762
73191d24.qasm,74,39831,21470,18361,0.46097260927418343,4622
7337baba.qasm,230,196,124,72,0.3673469387755102,103
733f4518.qasm,4,3892,2816,1076,0.27646454265159304,3131
73f498a0.qasm,123,41436,33042,8394,0.20257746886765132,29520
742bfb51.qasm,199,45562,30147,15415,0.3383301874368992,26202
749ea355.qasm,200,22682,12878,9804,0.4322370161361432,14434
7513561e.qasm,254,37847,36089,1758,0.04645018099188839,22421
75137edd.qasm,28,9729,7685,2044,0.21009353479288725,8203
751d7ced.qasm,254,23112,20133,2979,0.12889408099688474,17119
752a65aa.qasm,44,47193,44688,2505,0.05307990591825059,27626
7548d858.qasm,119,8539,7343,1196,0.1400632392551821,1131
758554e0.qasm,134,11320,7694,3626,0.32031802120141345,8249
75bd5cbf.qasm,252,27735,16298,11437,0.41236704524968454,24301
76034335.qasm,152,47353,24026,23327,0.49261926382700144,1899
76d0b692.qasm,75,5963,3431,2532,0.4246184806305551,3537
77a3a480.qasm,123,34157,19819,14338,0.41976754398805516,1885
78adf5c7.qasm,223,21779,13121,8658,0.3975389136323982,16301
78f96e37.qasm,71,42261,38418,3843,0.09093490452189962,28030
79b12d71.qasm,155,34363,20428,13935,0.40552338270814536,16593
7a0c7e70.qasm,187,26423,13677,12746,0.4823827725844908,9727
7a1c98cc.qasm,126,27440,26318,1122,0.04088921282798834,20381
7a79f013.qasm,224,3522,2925,597,0.1695059625212947,2525
7aad2132.qasm,209,2362,1961,401,0.16977138018628282,1394
7afdbe61.qasm,198,38552,28083,10469,0.271555301929861,31977
7b19558f.qasm,122,6470,4447,2023,0.31267387944358577,1372
7bab61ca.qasm,46,44269,41779,2490,0.05624703517133886,19102
7be7d477.qasm,105,40677,25277,15400,0.3785923249010497,26197
7bf0f1bc.qasm,189,14698,10943,3755,0.2554769356375017,3858
7c9f6bae.qasm,194,35111,34370,741,0.021104497166130273,3331
7d6d9a38.qasm,202,45451,25737,19714,0.4337418318628853,6510
7db40afb.qasm,121,36919,25381,11538,0.3125220076383434,3828
7fdad0c4.qasm,145,29796,28516,1280,0.042958786414283794,21574
81af3d74.qasm,178,42968,23488,19480,0.45336064047663377,2264
81f388c7.qasm,250,29082,28596,486,0.016711367856406024,26282
81fdeb0a.qasm,48,26918,19647,7271,0.2701166505683929,3229
827a3442.qasm,173,27563,18604,8959,0.325037187534013,17460
82b89c68.qasm,240,37739,36408,1331,0.03526855507565118,26167
831c33e1.qasm,197,44333,29535,14798,0.3337919833983714,37937
8335b01d.qasm,135,8482,6691,1791,0.2111530299457675,2885
834596bc.qasm,193,6672,3972,2700,0.40467625899280574,6423
83b22dc5.qasm,101,46132,38089,8043,0.1743475244949276,37030
8400dcc1.qasm,259,15503,8966,6537,0.42166032380829516,11032
8422040e.qasm,2,29990,21002,8988,0.2996998999666555,24180
84fe3fba.qasm,148,7816,4478,3338,0.42707267144319344,1649
85317608.qasm,254,22621,18599,4022,0.17779938994739403,6682
85863407.qasm,241,40059,21550,18509,0.4620434858583589,26708
860cc392.qasm,145,4080,2187,1893,0.46397058823529413,175
86464ad3.qasm,233,44073,23062,21011,0.4767317859006648,24803
871618c1.qasm,101,35824,18058,17766,0.4959245198749442,22157
8732dc00.qasm,44,14969,8735,6234,0.4164606854165275,14808
884b47f6.qasm,221,21247,15973,5274,0.2482232785805055,711
885efe5b.qasm,192,34900,23286,11614,0.33277936962750715,25959
8930abda.qasm,71,12197,6616,5581,0.4575715339837665,11332
896404d8.qasm,122,18396,14024,4372,0.23766036094803217,7216
8a146ce3.qasm,77,3095,2639,456,0.14733441033925687,1528
8a1c1c3f.qasm,46,15353,10141,5212,0.33947762652250374,15043
8a2ab626.qasm,81,3772,2666,1106,0.2932131495227996,1351
8b77bf87.qasm,64,23333,19975,3358,0.14391634166202374,20068
8bd576fc.qasm,139,47932,29539,18393,0.38373111908537094,29769
8c01a935.qasm,163,3236,2214,1022,0.3158220024721879,2955
8d5010bc.qasm,219,16524,14990,1534,0.09283466473008957,9904
8d9d4033.qasm,21,39889,39394,495,0.012409436185414525,37988
8e84b85a.qasm,146,26931,16876,10055,0.3733615535999406,5294
8e9564e3.qasm,259,27165,20267,6898,0.25392968893797163,3953
8f4e1b64.qasm,124,20481,18203,2278,0.11122503783994922,936
8f564e3e.qasm,121,17560,11129,6431,0.36623006833712984,5652
8f8fbcbd.qasm,128,41361,33426,7935,0.1918473924711685,25662
8fb9e9ac.qasm,82,49144,48869,275,0.005595800097672147,22772
9143d50f.qasm,56,2544,1402,1142,0.4488993710691824,1527
917fa943.qasm,132,26345,25081,1264,0.047978743594609984,19371
92f98bb3.qasm,175,2965,2378,587,0.19797639123102867,1148
933b305c.qasm,44,20138,14384,5754,0.28572847353262487,854
93865be7.qasm,128,29776,24798,4978,0.16718162278344975,28711
9395edc6.qasm,240,43019,26213,16806,0.39066459006485504,16465
93c78575.qasm,133,12626,8390,4236,0.33549817836210993,11575
9429600a.qasm,35,29711,21694,8017,0.2698327218875164,11408
94f4e26a.qasm,152,2306,1711,595,0.2580225498699046,1385
950704f2.qasm,62,31215,22604,8611,0.27586096427999357,12917
954ad251.qasm,177,16627,9794,6833,0.41095808023094965,8004
957c248b.qasm,23,28124,25727,2397,0.08522969705589532,25801
964382be.qasm,39,47578,33482,14096,0.29627138593467567,6307
965eb08c.qasm,72,29132,16972,12160,0.4174104077989839,1683
96876fa5.qasm,38,36385,23995,12390,0.34052494159681185,10194
96f82da7.qasm,258,2617,1876,741,0.28314864348490637,903
981d8651.qasm,9,5103,3847,1256,0.2461297276112091,2999
9a442b56.qasm,35,42257,40987,1270,0.0300541922048418,11256
9c6b6510.qasm,36,12485,9562,2923,0.23412094513416098,4077
9ccf974e.qasm,66,44563,32616,11947,0.2680923636200435,34522
9d76010e.qasm,60,36236,31700,4536,0.12517937962247488,23386
9d7cbc78.qasm,223,23833,17006,6827,0.2864515587630596,13195
9d7e60b6.qasm,232,36910,27230,9680,0.26225955025738285,4533
9e3be92a.qasm,235,24985,21895,3090,0.12367420452271363,16323
9ea3bed5.qasm,73,7934,5085,2849,0.35908747164103855,3038
9f744e04.qasm,152,29618,19994,9624,0.3249375379836586,15567
a0a79499.qasm,69,30115,24409,5706,0.18947368421052632,14430
a0b53b67.qasm,179,247,200,47,0.1902834008097166,76
a169a3ba.qasm,34,9371,4714,4657,0.496958702379682,6946
a1b3d3aa.qasm,259,49895,42690,7205,0.14440324681831848,34281
a1bc8d56.qasm,152,35015,33451,1564,0.04466657146937027,5833
a3cb01ca.qasm,179,11080,9378,1702,0.1536101083032491,134
a409aaa1.qasm,170,48256,26698,21558,0.44674237400530503,25952
a440a477.qasm,250,6186,6038,148,0.02392499191723246,1147
a44fdc9f.qasm,7,45745,29609,16136,0.3527380041534594,23341
a4f95806.qasm,260,16139,8152,7987,0.49488815911766526,13626
a75c691c.qasm,26,9668,4923,4745,0.4907943731899048,3543
a8818670.qasm,89,12405,9735,2670,0.21523579201934703,1278
a8b40b61.qasm,137,41824,23785,18039,0.4313073833205815,4568
a8dfab96.qasm,150,26472,18796,7676,0.289966757328498,4115
a9091180.qasm,128,1471,855,616,0.4187627464309993,582
aa41f5f1.qasm,94,3959,2053,1906,0.4814347057337712,2437
aac529b2.qasm,212,49812,45933,3879,0.0778728017345218,11639
aaf05f5c.qasm,115,47525,29905,17620,0.37075223566543924,16530
ab65fd24.qasm,212,32258,21783,10475,0.3247256494512989,9889
ab8a1b3c.qasm,56,12424,8765,3659,0.2945106245975531,5018
ab964bf6.qasm,203,22159,20555,1604,0.07238593799359176,10108
aceda861.qasm,55,9249,5875,3374,0.36479619418315495,158
ad2439c7.qasm,138,18644,15031,3613,0.19378888650504184,8766
ad74d7c1.qasm,137,26955,13982,12973,0.4812836208495641,2966
aed3c1af.qasm,88,14329,8565,5764,0.4022611487193803,9878
af2659f0.qasm,107,26008,22770,3238,0.12450015379883113,6548
af88ad19.qasm,96,3183,2325,858,0.2695570216776626,141
af8b17d0.qasm,220,42670,33508,9162,0.21471760018748534,14977
b06c81ca.qasm,209,28900,18791,10109,0.3497923875432526,10670
b11883af.qasm,249,1418,1113,305,0.2150916784203103,1056
b1ea1d60.qasm,217,23264,12017,11247,0.4834508253094911,4825
b2346111.qasm,199,18746,17065,1681,0.08967246345887123,6778
b38d732e.qasm,22,29614,28468,1146,0.0386979131491862,13073
b469b640.qasm,51,28146,20416,7730,0.27463938037376534,6763
b4976343.qasm,186,24983,17959,7024,0.28115118280430695,22707
b4c090da.qasm,206,30582,20739,9843,0.32185599372179713,5203
b5baa095.qasm,131,22452,12547,9905,0.4411633707464814,3443
b5be0645.qasm,71,31819,21075,10744,0.33765988874571795,3025
b601af0f.qasm,63,36935,20886,16049,0.4345201028834439,2717
b630efea.qasm,17,14914,10698,4216,0.2826874078047472,6211
b680d160.qasm,29,36375,22647,13728,0.3774020618556701,402
b7694c8e.qasm,186,30744,29156,1588,0.051652354931043455,21817
b792cc98.qasm,59,32694,28265,4429,0.13546828164189148,20287
b97c72bf.qasm,108,2780,2571,209,0.07517985611510791,2250
b9ba0e84.qasm,20,24089,20516,3573,0.14832496160073064,16811
ba0c09b8.qasm,76,850,736,114,0.13411764705882354,453
bb291a8b.qasm,24,32517,31451,1066,0.03278285204662177,26080
bb50273f.qasm,80,30482,20276,10206,0.33482054983268816,20368
bc99b330.qasm,171,45608,23402,22206,0.48688826521662865,26424
bc9dd950.qasm,103,30402,25085,5317,0.1748898098809289,10540
bd32080b.qasm,38,23053,17306,5747,0.24929510258968465,3678
bd462bd7.qasm,237,46127,30933,15194,0.329394931385089,7570
bdd2c3ff.qasm,105,9444,6103,3341,0.3537695891571368,7012
be527b4d.qasm,118,396,326,70,0.17676767676767677,93
bf029799.qasm,215,21866,19783,2083,0.0952620506722766,186
bf0f8df9.qasm,199,45900,34460,11440,0.24923747276688454,8078
bf9674e9.qasm,143,20918,20637,281,0.013433406635433598,15465
c05aa9cf.qasm,236,44683,26619,18064,0.4042700803437549,44599
c0a1d157.qasm,198,9845,9525,320,0.03250380904012189,9508
c0ffe57a.qasm,163,31089,21896,9193,0.2956994435330824,29128
c20bb346.qasm,95,19836,16855,2981,0.15028231498285946,10725
c246552a.qasm,40,41795,30575,11220,0.2684531642540974,26597
c39fa73b.qasm,182,37400,33195,4205,0.1124331550802139,2751
c3c0513f.qasm,128,6060,5835,225,0.03712871287128713,1262
c40ecada.qasm,260,6843,5573,1270,0.1855911150080374,1207
c4c36286.qasm,59,29542,21189,8353,0.28274998307494414,18217
c4ff2c11.qasm,35,6204,3457,2747,0.44277885235332043,3327
c6678d16.qasm,235,35471,32068,3403,0.09593752643004144,2869
c676cfb4.qasm,143,19290,16960,2330,0.12078797304302748,14756
c7670b0a.qasm,109,47817,33615,14202,0.29700734048560135,29589
c7a93f95.qasm,254,31550,24034,7516,0.23822503961965136,14278
c7bddf55.qasm,101,40967,27760,13207,0.3223814289550126,19565
c82bb473.qasm,244,14969,8650,6319,0.42213908744739126,6017
c84ad65b.qasm,173,29159,27394,1765,0.060530196508796597,18349
c8afe1ad.qasm,46,44975,22763,22212,0.49387437465258477,8878
c945995d.qasm,93,1930,1717,213,0.11036269430051814,1000
c95f41f8.qasm,98,4425,2539,1886,0.42621468926553674,734
c96fe790.qasm,166,40075,25800,14275,0.35620711166562696,20949
c999af32.qasm,128,8439,6928,1511,0.1790496504325157,3438
ca0a2ce5.qasm,133,23226,20067,3159,0.13601136657194524,21826
ca634f4d.qasm,195,32109,22060,10049,0.31296521224578777,29515
ca8c6d9a.qasm,95,11379,10769,610,0.05360752262940505,6257
ca980007.qasm,91,25003,23234,1769,0.07075150981882174,20497
cab2b6e9.qasm,101,37646,24232,13414,0.3563193964830261,32069
cb2b300f.qasm,99,8189,6988,1201,0.14666015386494077,5515
cc5bc6eb.qasm,237,46531,32639,13892,0.29855365240377385,14758
ccfd978a.qasm,101,24524,13769,10755,0.43854999184472354,23391
cd51d9b8.qasm,142,28444,25627,2817,0.0990367036984953,4011
cd592018.qasm,259,15434,13661,1773,0.11487624724633926,13912
cd5b55b6.qasm,93,1039,670,369,0.3551491819056785,785
ce4f4dde.qasm,50,39001,21179,17822,0.45696264198353886,14838
ce7207a3.qasm,47,11966,10196,1770,0.1479191041283637,1363
cee426fe.qasm,101,6031,5371,660,0.10943458796219532,3337
cf2c4cc9.qasm,80,22400,12554,9846,0.43955357142857143,15346
cf5bfeb1.qasm,69,10901,5476,5425,0.497660765067425,449
d168a391.qasm,64,46610,32105,14505,0.31119931345204893,29979
d20d9d2e.qasm,213,40891,31441,9450,0.2311021985277934,14264
d21812d8.qasm,68,7963,5736,2227,0.2796684666582946,1646
d2ffaf7e.qasm,143,4793,2910,1883,0.3928645941998748,3551
d3f98c63.qasm,84,29561,28598,963,0.0325767057947972,13138
d3f998bc.qasm,68,11801,10886,915,0.07753580205067367,1796
d49ba491.qasm,104,19945,18495,1450,0.07269992479318124,10693
d4a7f2c7.qasm,50,18456,9905,8551,0.46331816211530125,8529
d706049b.qasm,131,9403,7112,2291,0.2436456450069127,4269
d70a0bd6.qasm,183,24708,19938,4770,0.19305488101019913,16806
d7fe8918.qasm,70,15886,9988,5898,0.3712703008938688,1222
d87e1b4b.qasm,180,45977,26574,19403,0.4220153555038389,17834
d9b603b5.qasm,28,24325,12901,11424,0.46964028776978417,23368
d9c77e07.qasm,34,22046,18009,4037,0.183117118751701,7759
da0e58a0.qasm,55,8638,4342,4296,0.4973373466080111,7514
da213329.qasm,81,28899,16398,12501,0.43257552164434754,6377
da3a2f77.qasm,44,35745,24030,11715,0.32773814519513217,26111
da4d0871.qasm,143,23930,23050,880,0.03677392394483912,14946
da505823.qasm,99,45057,32838,12219,0.27118982622012117,4132
da601912.qasm,41,15962,13931,2031,0.1272396942739005,3524
dae23358.qasm,144,36048,27756,8292,0.2300266311584554,12175
db12c1f0.qasm,185,34470,25650,8820,0.2558746736292428,11457
db6ca211.qasm,34,35958,29582,6376,0.17731798209021638,20732
dbcc99b4.qasm,135,31128,22705,8423,0.27059239270110513,24228
dc86453a.qasm,246,2044,1359,685,0.33512720156555775,201
de690b52.qasm,149,34269,31156,3113,0.0908401178908051,700
deb00fe1.qasm,55,22127,15929,6198,0.2801102725177385,5101
df1a7a89.qasm,134,30704,18905,11799,0.3842821782178218,103
df43c2c2.qasm,244,29996,18093,11903,0.3968195759434591,3452
df458745.qasm,249,12215,7135,5080,0.4158821121571838,284
df75e229.qasm,253,8167,7425,742,0.09085343455369169,8054
e10d312f.qasm,19,35991,35120,871,0.024200494568086466,8260
e260fc6a.qasm,41,18806,18290,516,0.027438051685632243,10501
e3863462.qasm,200,13181,12544,637,0.048327137546468404,5939
e3b97044.qasm,147,12064,6905,5159,0.4276359416445623,3777
e4a4359e.qasm,84,28134,18644,9490,0.33731428165209354,11234
e4b50619.qasm,129,42371,36350,6021,0.142101909324774,9867
e61acd2b.qasm,203,21129,16969,4160,0.1968857967722088,12190
e66c3381.qasm,68,34734,33035,1699,0.048914608164910466,22378
e698c12d.qasm,242,36519,24165,12354,0.3382896574385936,1953
e7296260.qasm,176,13636,13258,378,0.027720739219712527,9624
e751ad87.qasm,226,2957,1719,1238,0.41866756848156916,2192
e7540ce6.qasm,170,38475,22581,15894,0.41309941520467836,18868
e815593a.qasm,32,6640,5781,859,0.12936746987951808,2558
e893b1a5.qasm,173,2668,2138,530,0.19865067466266867,2629
ea801020.qasm,41,46853,29558,17295,0.3691332465370414,27831
eb153d64.qasm,228,24861,20241,4620,0.1858332327742247,18746
ebb0ac17.qasm,22,9315,8889,426,0.045732689210950084,1098
ebc18fd7.qasm,222,16549,8734,7815,0.47223397184119886,2051
ebc3e166.qasm,209,36357,27608,8749,0.2406414170586132,14439
ec70915a.qasm,213,36516,24550,11966,0.3276919706430058,3652
eca6fb66.qasm,13,31187,19918,11269,0.36133645429185235,727
ed52defd.qasm,117,38003,24819,13184,0.3469199800015788,28660
eefd994e.qasm,71,21900,14210,7690,0.35114155251141554,9958
ef8d10d7.qasm,155,37694,32125,5569,0.14774234626200455,20756
efafd44f.qasm,57,19594,9821,9773,0.49877513524548334,12397
f030e083.qasm,56,30581,22727,7854,0.256826133873974,3979
f05a6196.qasm,122,13608,11859,1749,0.1285273368606702,13396
f0c5e28f.qasm,19,40907,33139,7768,0.18989415014545188,26833
f0e878db.qasm,57,32595,26055,6540,0.20064427059364934,30651
f0e91b40.qasm,155,11463,10186,1277,0.11140190177091512,8614
f1167cc3.qasm,255,13890,10130,3760,0.2706983441324694,4087
f163436d.qasm,31,998,960,38,0.03807615230460922,26
f1bcea54.qasm,184,12508,10705,1803,0.14414774544291653,11987
f27a09cf.qasm,162,40566,23809,16757,0.41307991914411085,11435
f2a5a67a.qasm,82,15399,13534,1865,0.12111176050392883,5380
f5398281.qasm,28,4843,4723,120,0.024778030146603344,3001
f5aeb6f0.qasm,130,34209,24885,9324,0.27255985267034993,21800
f5d72dae.qasm,260,12655,7103,5552,0.43871987356775977,10619
f67ec297.qasm,21,7914,4128,3786,0.4783927217589083,7089
f7ff0727.qasm,43,45276,42002,3274,0.0723120416997968,31209
f8a38627.qasm,234,4186,2557,1629,0.3891543239369326,1726
f8d235ae.qasm,193,14449,8568,5881,0.4070177866980414,13385
f98536e0.qasm,66,7087,6122,965,0.13616480880485396,3080
f9fee41b.qasm,156,19385,9901,9484,0.48924426102656693,10406
fabdaac7.qasm,3,8683,7852,831,0.09570424968328918,5119
fadf1f0d.qasm,256,7796,5296,2500,0.3206772703950744,4072
fb107df5.qasm,118,413,388,25,0.06053268765133172,399
fb7e6eb0.qasm,205,19216,11185,8031,0.4179329725228976,10050
fb8a2851.qasm,224,36770,26406,10364,0.28186021212945334,16532
fb9223a1.qasm,135,30103,15952,14151,0.4700860379364183,26462
fb9be929.qasm,146,6676,4872,1804,0.2702216896345117,5056
fbcf0ea3.qasm,170,20769,17097,3672,0.17680196446627186,5651
fbdc2a1f.qasm,109,22204,18301,3903,0.175779138893893,749
fbe1d41c.qasm,62,17196,8773,8423,0.4898232147010933,1412
fc1ce5ab.qasm,16,44072,26001,18071,0.4100335814122345,40544
fc330f35.qasm,146,45187,31710,13477,0.29824949653661453,43785
fc56714f.qasm,78,21787,11696,10091,0.46316610822967824,2118
fc5872f2.qasm,12,10444,10178,266,0.02546916890080429,1973
fc66bdd4.qasm,32,19590,17870,1720,0.08779989790709546,8490
fdf0b97e.qasm,176,33558,28669,4889,0.14568806245902616,26723
ffe82f32.qasm,105,21290,17095,4195,0.19704086425551903,8969
